{"parent":"item/handheld","display":{"thirdperson_righthand":{"rotation":[-57.75,-90,0],"translation":[0,1,-4.5],"scale":[1.38867,1.29883,1.38867]},"thirdperson_lefthand":{"rotation":[-57.75,90,0],"translation":[0,1,-4.5],"scale":[1.38867,1.29883,1.38867]},"firstperson_righthand":{"rotation":[-87.25,-90,10],"translation":[4.5,3.75,0],"scale":[1.31836,1.31836,1.31836]},"firstperson_lefthand":{"rotation":[-87.25,90,-10],"translation":[4.5,3.75,0],"scale":[1.31836,1.31836,1.31836]},"ground":{"scale":[0,0,0]},"gui":{"rotation":[0,0,142],"translation":[1.25,-1,0],"scale":[1.07031,1.07031,1.07031]},"fixed":{"rotation":[-180,0,-25.75],"translation":[-0.75,-1.25,-0.75],"scale":[1.78516,1.78516,1.78516]}}}