{"parent":"minecraft:block/cube_column","textures":{"trim":"hockey:board/trim","board":"hockey:board/board","particle":"#color"},"elements":[{"from":[0,0,14],"to":[16,16,16],"rotation":{"angle":0,"axis":"x","origin":[8,9,8]},"faces":{"north":{"uv":[0,0,0,0],"rotation":180,"texture":"#color"},"east":{"uv":[0,0,16,2],"rotation":270,"texture":"#color"},"south":{"uv":[0,0,16,16],"texture":"#color"},"west":{"uv":[0,0,16,2],"rotation":90,"texture":"#color"},"up":{"uv":[0,0,16,2],"rotation":180,"texture":"#color"},"down":{"uv":[0,0,16,2],"texture":"#color"}}},{"from":[0,0,5],"to":[16,16,14],"rotation":{"angle":0,"axis":"x","origin":[8,9,8]},"faces":{"east":{"uv":[0,2,16,16],"rotation":270,"texture":"#board"},"west":{"uv":[0,2,16,16],"rotation":90,"texture":"#board"},"up":{"uv":[0,2,16,16],"rotation":180,"texture":"#board"},"down":{"uv":[0,2,16,16],"texture":"#board"}}},{"from":[-1,0,0],"to":[17,16,5],"rotation":{"angle":0,"axis":"x","origin":[8,9,8]},"faces":{"north":{"uv":[0,0,16,16],"rotation":180,"texture":"#board"},"east":{"uv":[0,0,16,5],"rotation":270,"texture":"#trim"},"south":{"uv":[0,0,16,16],"texture":"#trim"},"west":{"uv":[0,0,16,5],"rotation":90,"texture":"#trim"},"up":{"uv":[0,0,16,5],"rotation":180,"texture":"#trim"},"down":{"uv":[0,0,16,5],"texture":"#trim"}}}]}