{"ambientocclusion":false,"texture_size":[16,32],"textures":{"1":"hockey:glass/pane","4":"hockey:glass/corner4","particle":"hockey:glass/corner1"},"elements":[{"from":[7,0,9],"to":[9,16,16],"rotation":{"angle":0,"axis":"y","origin":[8,8,12.5]},"faces":{"east":{"uv":[0,0,16,16],"rotation":180,"texture":"#1"},"west":{"uv":[0,0,16,16],"texture":"#1"}}},{"from":[7,0,7],"to":[9,16,9],"rotation":{"angle":0,"axis":"y","origin":[16,8,15]},"faces":{"north":{"uv":[0,0,2,8],"texture":"#4"},"east":{"uv":[0,0,2,8],"texture":"#4"},"west":{"uv":[0,0,2,8],"texture":"#4"}}}]}