{"ambientocclusion":false,"texture_size":[16,32],"textures":{"0":"hockey:glass/corner1","1":"hockey:glass/pane","2":"hockey:glass/corner2","3":"hockey:glass/corner3","5":"hockey:glass/corner4","particle":"hockey:glass/pane"},"elements":[{"from":[0,0,7],"to":[9,16,9],"rotation":{"angle":0,"axis":"y","origin":[9,7,9]},"faces":{"north":{"uv":[0,0,16,16],"rotation":180,"texture":"#3"},"east":{"uv":[0,0,16,16],"texture":"#5"},"south":{"uv":[0,0,16,16],"rotation":180,"texture":"#0"}}},{"from":[9,0,7],"to":[16,16,9],"rotation":{"angle":0,"axis":"y","origin":[9,7,9]},"faces":{"north":{"uv":[0,0,16,16],"rotation":180,"texture":"#1"},"south":{"uv":[0,0,16,16],"rotation":180,"texture":"#1"}}},{"from":[7,0,0],"to":[9,16,7],"rotation":{"angle":0,"axis":"y","origin":[9,7,9]},"faces":{"east":{"uv":[0,0,16,16],"texture":"#1"},"west":{"uv":[0,0,16,16],"rotation":180,"texture":"#2"}}}]}