{"ambientocclusion":false,"texture_size":[16,32],"textures":{"0":"hockey:glass/corner1","1":"hockey:glass/pane","3":"hockey:glass/corner3","5":"hockey:glass/corner4","particle":"hockey:glass/pane"},"elements":[{"from":[0,0,7],"to":[9,16,9],"rotation":{"angle":0,"axis":"y","origin":[4.5,8,8]},"faces":{"north":{"uv":[0,0,16,16],"texture":"#0"},"east":{"uv":[0,0,16,16],"texture":"#5"},"south":{"uv":[0,0,16,16],"texture":"#3"}}},{"from":[7,0,9],"to":[9,16,16],"rotation":{"angle":0,"axis":"y","origin":[8,8,12.5]},"faces":{"east":{"uv":[0,0,16,16],"rotation":180,"texture":"#1"},"west":{"uv":[0,0,16,16],"texture":"#1"}}}]}