{"textures":{"1":"hockey:ice/white","2":"hockey:ice/red","3":"hockey:ice/light_blue","particle":"hockey:ice/red"},"elements":[{"from":[6,0,0],"to":[10,1,16],"faces":{"north":{"uv":[0,0,10,1],"texture":"#2"},"south":{"uv":[0,0,10,1],"rotation":180,"texture":"#2"},"west":{"uv":[0,0,16,1],"texture":"#2"},"up":{"uv":[0,0,10,16],"rotation":180,"texture":"#2"},"down":{"uv":[0,0,10,16],"rotation":180,"texture":"#2"}}},{"from":[10,0,0],"to":[16,1,16],"faces":{"north":{"uv":[0,0,16,16],"texture":"#3"},"east":{"uv":[0,0,16,16],"texture":"#3"},"south":{"uv":[0,0,16,16],"texture":"#3"},"west":{"uv":[0,0,16,16],"texture":"#3"},"up":{"uv":[0,0,16,16],"rotation":180,"texture":"#3"},"down":{"uv":[0,0,16,16],"rotation":180,"texture":"#3"}}},{"from":[0,0,0],"to":[6,1,16],"faces":{"north":{"uv":[0,0,16,16],"texture":"#1"},"east":{"uv":[0,0,16,16],"texture":"#1"},"south":{"uv":[0,0,16,16],"texture":"#1"},"west":{"uv":[0,0,16,16],"texture":"#1"},"up":{"uv":[0,0,16,16],"rotation":180,"texture":"#1"},"down":{"uv":[0,0,16,16],"rotation":180,"texture":"#1"}}}]}