{"ambientocclusion":false,"texture_size":[16,32],"textures":{"0":"hockey:glass/corner1","1":"hockey:glass/pane","2":"hockey:glass/corner2","3":"hockey:glass/corner3","4":"hockey:glass/corner4","particle":"hockey:glass/corner1"},"elements":[{"from":[7,0,0],"to":[9,16,9],"rotation":{"angle":0,"axis":"y","origin":[7,7,9]},"faces":{"east":{"uv":[0,0,16,16],"rotation":180,"texture":"#3"},"south":{"uv":[0,0,16,16],"texture":"#4"},"west":{"uv":[0,0,16,16],"rotation":180,"texture":"#0"}}},{"from":[9,0,7],"to":[16,16,9],"rotation":{"angle":0,"axis":"y","origin":[7,7,9]},"faces":{"north":{"uv":[0,0,16,16],"rotation":180,"texture":"#2"},"south":{"uv":[0,0,16,16],"texture":"#1"}}}]}