{"parent":"minecraft:block/fence_post","textures":{"0":"hockey:net/netting","particle":"hockey:net/netting"},"elements":[{"from":[7,4,0],"to":[9,6,2],"rotation":{"angle":0,"axis":"y","origin":[8,18,8]},"faces":{"north":{"uv":[0,0,2,2],"texture":"#0"},"east":{"uv":[0,0,2,2],"texture":"#0"},"south":{"uv":[0,0,2,2],"texture":"#0"},"west":{"uv":[0,0,2,2],"texture":"#0"},"up":{"uv":[0,0,2,2],"rotation":90,"texture":"#0"},"down":{"uv":[0,0,2,2],"rotation":270,"texture":"#0"}}},{"from":[7,16,0],"to":[9,18,2],"rotation":{"angle":0,"axis":"y","origin":[8,18,8]},"faces":{"north":{"uv":[0,0,2,2],"texture":"#0"},"east":{"uv":[0,0,2,2],"texture":"#0"},"south":{"uv":[0,0,2,2],"texture":"#0"},"west":{"uv":[0,0,2,2],"texture":"#0"},"up":{"uv":[0,0,2,2],"rotation":90,"texture":"#0"},"down":{"uv":[0,0,2,2],"rotation":270,"texture":"#0"}}},{"from":[7,4,4],"to":[9,6,6],"rotation":{"angle":0,"axis":"y","origin":[8,18,8]},"faces":{"north":{"uv":[0,0,2,2],"texture":"#0"},"east":{"uv":[0,0,2,2],"texture":"#0"},"south":{"uv":[0,0,2,2],"texture":"#0"},"west":{"uv":[0,0,2,2],"texture":"#0"},"up":{"uv":[0,0,2,2],"rotation":90,"texture":"#0"},"down":{"uv":[0,0,2,2],"rotation":270,"texture":"#0"}}},{"from":[7,16,4],"to":[9,18,6],"rotation":{"angle":0,"axis":"y","origin":[8,18,8]},"faces":{"north":{"uv":[0,0,2,2],"texture":"#0"},"east":{"uv":[0,0,2,2],"texture":"#0"},"south":{"uv":[0,0,2,2],"texture":"#0"},"west":{"uv":[0,0,2,2],"texture":"#0"},"up":{"uv":[0,0,2,2],"rotation":90,"texture":"#0"},"down":{"uv":[0,0,2,2],"rotation":270,"texture":"#0"}}},{"from":[7,4,8],"to":[9,6,10],"rotation":{"angle":0,"axis":"y","origin":[8,18,8]},"faces":{"north":{"uv":[0,0,2,2],"texture":"#0"},"east":{"uv":[0,0,2,2],"texture":"#0"},"south":{"uv":[0,0,2,2],"texture":"#0"},"west":{"uv":[0,0,2,2],"texture":"#0"},"up":{"uv":[0,0,2,2],"rotation":90,"texture":"#0"},"down":{"uv":[0,0,2,2],"rotation":270,"texture":"#0"}}},{"from":[7,16,8],"to":[9,18,10],"rotation":{"angle":0,"axis":"y","origin":[8,18,8]},"faces":{"north":{"uv":[0,0,2,2],"texture":"#0"},"east":{"uv":[0,0,2,2],"texture":"#0"},"south":{"uv":[0,0,2,2],"texture":"#0"},"west":{"uv":[0,0,2,2],"texture":"#0"},"up":{"uv":[0,0,2,2],"rotation":90,"texture":"#0"},"down":{"uv":[0,0,2,2],"rotation":270,"texture":"#0"}}},{"from":[7,4,16],"to":[9,6,18],"rotation":{"angle":0,"axis":"y","origin":[8,18,8]},"faces":{"north":{"uv":[0,0,2,2],"texture":"#0"},"east":{"uv":[0,0,2,2],"texture":"#0"},"south":{"uv":[0,0,2,2],"texture":"#0"},"west":{"uv":[0,0,2,2],"texture":"#0"},"up":{"uv":[0,0,2,2],"rotation":90,"texture":"#0"},"down":{"uv":[0,0,2,2],"rotation":270,"texture":"#0"}}},{"from":[7,16,16],"to":[9,18,18],"rotation":{"angle":0,"axis":"y","origin":[8,18,8]},"faces":{"north":{"uv":[0,0,2,2],"texture":"#0"},"east":{"uv":[0,0,2,2],"texture":"#0"},"south":{"uv":[0,0,2,2],"texture":"#0"},"west":{"uv":[0,0,2,2],"texture":"#0"},"up":{"uv":[0,0,2,2],"rotation":90,"texture":"#0"},"down":{"uv":[0,0,2,2],"rotation":270,"texture":"#0"}}},{"from":[7,4,20],"to":[9,6,22],"rotation":{"angle":0,"axis":"y","origin":[8,18,8]},"faces":{"north":{"uv":[0,0,2,2],"texture":"#0"},"east":{"uv":[0,0,2,2],"texture":"#0"},"south":{"uv":[0,0,2,2],"texture":"#0"},"west":{"uv":[0,0,2,2],"texture":"#0"},"up":{"uv":[0,0,2,2],"rotation":90,"texture":"#0"},"down":{"uv":[0,0,2,2],"rotation":270,"texture":"#0"}}},{"from":[7,16,20],"to":[9,18,22],"rotation":{"angle":0,"axis":"y","origin":[8,18,8]},"faces":{"north":{"uv":[0,0,2,2],"texture":"#0"},"east":{"uv":[0,0,2,2],"texture":"#0"},"south":{"uv":[0,0,2,2],"texture":"#0"},"west":{"uv":[0,0,2,2],"texture":"#0"},"up":{"uv":[0,0,2,2],"rotation":90,"texture":"#0"},"down":{"uv":[0,0,2,2],"rotation":270,"texture":"#0"}}},{"from":[7,4,12],"to":[9,6,14],"rotation":{"angle":0,"axis":"y","origin":[8,18,8]},"faces":{"north":{"uv":[0,0,2,2],"texture":"#0"},"east":{"uv":[0,0,2,2],"texture":"#0"},"south":{"uv":[0,0,2,2],"texture":"#0"},"west":{"uv":[0,0,2,2],"texture":"#0"},"up":{"uv":[0,0,2,2],"rotation":90,"texture":"#0"},"down":{"uv":[0,0,2,2],"rotation":270,"texture":"#0"}}},{"from":[7,16,12],"to":[9,18,14],"rotation":{"angle":0,"axis":"y","origin":[8,18,8]},"faces":{"north":{"uv":[0,0,2,2],"texture":"#0"},"east":{"uv":[0,0,2,2],"texture":"#0"},"south":{"uv":[0,0,2,2],"texture":"#0"},"west":{"uv":[0,0,2,2],"texture":"#0"},"up":{"uv":[0,0,2,2],"rotation":90,"texture":"#0"},"down":{"uv":[0,0,2,2],"rotation":270,"texture":"#0"}}},{"from":[7,4,-4],"to":[9,6,-2],"rotation":{"angle":0,"axis":"y","origin":[8,18,8]},"faces":{"north":{"uv":[0,0,2,2],"texture":"#0"},"east":{"uv":[0,0,2,2],"texture":"#0"},"south":{"uv":[0,0,2,2],"texture":"#0"},"west":{"uv":[0,0,2,2],"texture":"#0"},"up":{"uv":[0,0,2,2],"rotation":90,"texture":"#0"},"down":{"uv":[0,0,2,2],"rotation":270,"texture":"#0"}}},{"from":[7,16,-4],"to":[9,18,-2],"rotation":{"angle":0,"axis":"y","origin":[8,18,8]},"faces":{"north":{"uv":[0,0,2,2],"texture":"#0"},"east":{"uv":[0,0,2,2],"texture":"#0"},"south":{"uv":[0,0,2,2],"texture":"#0"},"west":{"uv":[0,0,2,2],"texture":"#0"},"up":{"uv":[0,0,2,2],"rotation":90,"texture":"#0"},"down":{"uv":[0,0,2,2],"rotation":270,"texture":"#0"}}},{"from":[7,6,2],"to":[9,8,4],"rotation":{"angle":0,"axis":"y","origin":[8,18,8]},"faces":{"north":{"uv":[0,0,2,2],"texture":"#0"},"east":{"uv":[0,0,2,2],"texture":"#0"},"south":{"uv":[0,0,2,2],"texture":"#0"},"west":{"uv":[0,0,2,2],"texture":"#0"},"up":{"uv":[0,0,2,2],"rotation":90,"texture":"#0"},"down":{"uv":[0,0,2,2],"rotation":270,"texture":"#0"}}},{"from":[7,18,2],"to":[9,20,4],"rotation":{"angle":0,"axis":"y","origin":[8,18,8]},"faces":{"north":{"uv":[0,0,2,2],"texture":"#0"},"east":{"uv":[0,0,2,2],"texture":"#0"},"south":{"uv":[0,0,2,2],"texture":"#0"},"west":{"uv":[0,0,2,2],"texture":"#0"},"up":{"uv":[0,0,2,2],"rotation":90,"texture":"#0"},"down":{"uv":[0,0,2,2],"rotation":270,"texture":"#0"}}},{"from":[7,6,6],"to":[9,8,8],"rotation":{"angle":0,"axis":"y","origin":[8,18,8]},"faces":{"north":{"uv":[0,0,2,2],"texture":"#0"},"east":{"uv":[0,0,2,2],"texture":"#0"},"south":{"uv":[0,0,2,2],"texture":"#0"},"west":{"uv":[0,0,2,2],"texture":"#0"},"up":{"uv":[0,0,2,2],"rotation":90,"texture":"#0"},"down":{"uv":[0,0,2,2],"rotation":270,"texture":"#0"}}},{"from":[7,18,6],"to":[9,20,8],"rotation":{"angle":0,"axis":"y","origin":[8,18,8]},"faces":{"north":{"uv":[0,0,2,2],"texture":"#0"},"east":{"uv":[0,0,2,2],"texture":"#0"},"south":{"uv":[0,0,2,2],"texture":"#0"},"west":{"uv":[0,0,2,2],"texture":"#0"},"up":{"uv":[0,0,2,2],"rotation":90,"texture":"#0"},"down":{"uv":[0,0,2,2],"rotation":270,"texture":"#0"}}},{"from":[7,6,10],"to":[9,8,12],"rotation":{"angle":0,"axis":"y","origin":[8,18,8]},"faces":{"north":{"uv":[0,0,2,2],"texture":"#0"},"east":{"uv":[0,0,2,2],"texture":"#0"},"south":{"uv":[0,0,2,2],"texture":"#0"},"west":{"uv":[0,0,2,2],"texture":"#0"},"up":{"uv":[0,0,2,2],"rotation":90,"texture":"#0"},"down":{"uv":[0,0,2,2],"rotation":270,"texture":"#0"}}},{"from":[7,18,10],"to":[9,20,12],"rotation":{"angle":0,"axis":"y","origin":[8,18,8]},"faces":{"north":{"uv":[0,0,2,2],"texture":"#0"},"east":{"uv":[0,0,2,2],"texture":"#0"},"south":{"uv":[0,0,2,2],"texture":"#0"},"west":{"uv":[0,0,2,2],"texture":"#0"},"up":{"uv":[0,0,2,2],"rotation":90,"texture":"#0"},"down":{"uv":[0,0,2,2],"rotation":270,"texture":"#0"}}},{"from":[7,6,18],"to":[9,8,20],"rotation":{"angle":0,"axis":"y","origin":[8,18,8]},"faces":{"north":{"uv":[0,0,2,2],"texture":"#0"},"east":{"uv":[0,0,2,2],"texture":"#0"},"south":{"uv":[0,0,2,2],"texture":"#0"},"west":{"uv":[0,0,2,2],"texture":"#0"},"up":{"uv":[0,0,2,2],"rotation":90,"texture":"#0"},"down":{"uv":[0,0,2,2],"rotation":270,"texture":"#0"}}},{"from":[7,18,18],"to":[9,20,20],"rotation":{"angle":0,"axis":"y","origin":[8,18,8]},"faces":{"north":{"uv":[0,0,2,2],"texture":"#0"},"east":{"uv":[0,0,2,2],"texture":"#0"},"south":{"uv":[0,0,2,2],"texture":"#0"},"west":{"uv":[0,0,2,2],"texture":"#0"},"up":{"uv":[0,0,2,2],"rotation":90,"texture":"#0"},"down":{"uv":[0,0,2,2],"rotation":270,"texture":"#0"}}},{"from":[7,6,-6],"to":[9,8,-4],"rotation":{"angle":0,"axis":"y","origin":[8,18,8]},"faces":{"north":{"uv":[0,0,2,2],"texture":"#0"},"east":{"uv":[0,0,2,2],"texture":"#0"},"south":{"uv":[0,0,2,2],"texture":"#0"},"west":{"uv":[0,0,2,2],"texture":"#0"},"up":{"uv":[0,0,2,2],"rotation":90,"texture":"#0"},"down":{"uv":[0,0,2,2],"rotation":270,"texture":"#0"}}},{"from":[7,18,-6],"to":[9,20,-4],"rotation":{"angle":0,"axis":"y","origin":[8,18,8]},"faces":{"north":{"uv":[0,0,2,2],"texture":"#0"},"east":{"uv":[0,0,2,2],"texture":"#0"},"south":{"uv":[0,0,2,2],"texture":"#0"},"west":{"uv":[0,0,2,2],"texture":"#0"},"up":{"uv":[0,0,2,2],"rotation":90,"texture":"#0"},"down":{"uv":[0,0,2,2],"rotation":270,"texture":"#0"}}},{"from":[7,6,14],"to":[9,8,16],"rotation":{"angle":0,"axis":"y","origin":[8,18,8]},"faces":{"north":{"uv":[0,0,2,2],"texture":"#0"},"east":{"uv":[0,0,2,2],"texture":"#0"},"south":{"uv":[0,0,2,2],"texture":"#0"},"west":{"uv":[0,0,2,2],"texture":"#0"},"up":{"uv":[0,0,2,2],"rotation":90,"texture":"#0"},"down":{"uv":[0,0,2,2],"rotation":270,"texture":"#0"}}},{"from":[7,18,14],"to":[9,20,16],"rotation":{"angle":0,"axis":"y","origin":[8,18,8]},"faces":{"north":{"uv":[0,0,2,2],"texture":"#0"},"east":{"uv":[0,0,2,2],"texture":"#0"},"south":{"uv":[0,0,2,2],"texture":"#0"},"west":{"uv":[0,0,2,2],"texture":"#0"},"up":{"uv":[0,0,2,2],"rotation":90,"texture":"#0"},"down":{"uv":[0,0,2,2],"rotation":270,"texture":"#0"}}},{"from":[7,6,-2],"to":[9,8,0],"rotation":{"angle":0,"axis":"y","origin":[8,18,8]},"faces":{"north":{"uv":[0,0,2,2],"texture":"#0"},"east":{"uv":[0,0,2,2],"texture":"#0"},"south":{"uv":[0,0,2,2],"texture":"#0"},"west":{"uv":[0,0,2,2],"texture":"#0"},"up":{"uv":[0,0,2,2],"rotation":90,"texture":"#0"},"down":{"uv":[0,0,2,2],"rotation":270,"texture":"#0"}}},{"from":[7,18,-2],"to":[9,20,0],"rotation":{"angle":0,"axis":"y","origin":[8,18,8]},"faces":{"north":{"uv":[0,0,2,2],"texture":"#0"},"east":{"uv":[0,0,2,2],"texture":"#0"},"south":{"uv":[0,0,2,2],"texture":"#0"},"west":{"uv":[0,0,2,2],"texture":"#0"},"up":{"uv":[0,0,2,2],"rotation":90,"texture":"#0"},"down":{"uv":[0,0,2,2],"rotation":270,"texture":"#0"}}},{"from":[7,8,4],"to":[9,10,6],"rotation":{"angle":0,"axis":"y","origin":[8,18,8]},"faces":{"north":{"uv":[0,0,2,2],"texture":"#0"},"east":{"uv":[0,0,2,2],"texture":"#0"},"south":{"uv":[0,0,2,2],"texture":"#0"},"west":{"uv":[0,0,2,2],"texture":"#0"},"up":{"uv":[0,0,2,2],"rotation":90,"texture":"#0"},"down":{"uv":[0,0,2,2],"rotation":270,"texture":"#0"}}},{"from":[7,20,4],"to":[9,22,6],"rotation":{"angle":0,"axis":"y","origin":[8,18,8]},"faces":{"north":{"uv":[0,0,2,2],"texture":"#0"},"east":{"uv":[0,0,2,2],"texture":"#0"},"south":{"uv":[0,0,2,2],"texture":"#0"},"west":{"uv":[0,0,2,2],"texture":"#0"},"up":{"uv":[0,0,2,2],"rotation":90,"texture":"#0"},"down":{"uv":[0,0,2,2],"rotation":270,"texture":"#0"}}},{"from":[7,8,8],"to":[9,10,10],"rotation":{"angle":0,"axis":"y","origin":[8,18,8]},"faces":{"north":{"uv":[0,0,2,2],"texture":"#0"},"east":{"uv":[0,0,2,2],"texture":"#0"},"south":{"uv":[0,0,2,2],"texture":"#0"},"west":{"uv":[0,0,2,2],"texture":"#0"},"up":{"uv":[0,0,2,2],"rotation":90,"texture":"#0"},"down":{"uv":[0,0,2,2],"rotation":270,"texture":"#0"}}},{"from":[7,20,8],"to":[9,22,10],"rotation":{"angle":0,"axis":"y","origin":[8,18,8]},"faces":{"north":{"uv":[0,0,2,2],"texture":"#0"},"east":{"uv":[0,0,2,2],"texture":"#0"},"south":{"uv":[0,0,2,2],"texture":"#0"},"west":{"uv":[0,0,2,2],"texture":"#0"},"up":{"uv":[0,0,2,2],"rotation":90,"texture":"#0"},"down":{"uv":[0,0,2,2],"rotation":270,"texture":"#0"}}},{"from":[7,8,16],"to":[9,10,18],"rotation":{"angle":0,"axis":"y","origin":[8,18,8]},"faces":{"north":{"uv":[0,0,2,2],"texture":"#0"},"east":{"uv":[0,0,2,2],"texture":"#0"},"south":{"uv":[0,0,2,2],"texture":"#0"},"west":{"uv":[0,0,2,2],"texture":"#0"},"up":{"uv":[0,0,2,2],"rotation":90,"texture":"#0"},"down":{"uv":[0,0,2,2],"rotation":270,"texture":"#0"}}},{"from":[7,20,16],"to":[9,22,18],"rotation":{"angle":0,"axis":"y","origin":[8,18,8]},"faces":{"north":{"uv":[0,0,2,2],"texture":"#0"},"east":{"uv":[0,0,2,2],"texture":"#0"},"south":{"uv":[0,0,2,2],"texture":"#0"},"west":{"uv":[0,0,2,2],"texture":"#0"},"up":{"uv":[0,0,2,2],"rotation":90,"texture":"#0"},"down":{"uv":[0,0,2,2],"rotation":270,"texture":"#0"}}},{"from":[7,8,20],"to":[9,10,22],"rotation":{"angle":0,"axis":"y","origin":[8,18,8]},"faces":{"north":{"uv":[0,0,2,2],"texture":"#0"},"east":{"uv":[0,0,2,2],"texture":"#0"},"south":{"uv":[0,0,2,2],"texture":"#0"},"west":{"uv":[0,0,2,2],"texture":"#0"},"up":{"uv":[0,0,2,2],"rotation":90,"texture":"#0"},"down":{"uv":[0,0,2,2],"rotation":270,"texture":"#0"}}},{"from":[7,20,20],"to":[9,22,22],"rotation":{"angle":0,"axis":"y","origin":[8,18,8]},"faces":{"north":{"uv":[0,0,2,2],"texture":"#0"},"east":{"uv":[0,0,2,2],"texture":"#0"},"south":{"uv":[0,0,2,2],"texture":"#0"},"west":{"uv":[0,0,2,2],"texture":"#0"},"up":{"uv":[0,0,2,2],"rotation":90,"texture":"#0"},"down":{"uv":[0,0,2,2],"rotation":270,"texture":"#0"}}},{"from":[7,8,12],"to":[9,10,14],"rotation":{"angle":0,"axis":"y","origin":[8,18,8]},"faces":{"north":{"uv":[0,0,2,2],"texture":"#0"},"east":{"uv":[0,0,2,2],"texture":"#0"},"south":{"uv":[0,0,2,2],"texture":"#0"},"west":{"uv":[0,0,2,2],"texture":"#0"},"up":{"uv":[0,0,2,2],"rotation":90,"texture":"#0"},"down":{"uv":[0,0,2,2],"rotation":270,"texture":"#0"}}},{"from":[7,20,12],"to":[9,22,14],"rotation":{"angle":0,"axis":"y","origin":[8,18,8]},"faces":{"north":{"uv":[0,0,2,2],"texture":"#0"},"east":{"uv":[0,0,2,2],"texture":"#0"},"south":{"uv":[0,0,2,2],"texture":"#0"},"west":{"uv":[0,0,2,2],"texture":"#0"},"up":{"uv":[0,0,2,2],"rotation":90,"texture":"#0"},"down":{"uv":[0,0,2,2],"rotation":270,"texture":"#0"}}},{"from":[7,8,-4],"to":[9,10,-2],"rotation":{"angle":0,"axis":"y","origin":[8,18,8]},"faces":{"north":{"uv":[0,0,2,2],"texture":"#0"},"east":{"uv":[0,0,2,2],"texture":"#0"},"south":{"uv":[0,0,2,2],"texture":"#0"},"west":{"uv":[0,0,2,2],"texture":"#0"},"up":{"uv":[0,0,2,2],"rotation":90,"texture":"#0"},"down":{"uv":[0,0,2,2],"rotation":270,"texture":"#0"}}},{"from":[7,20,-4],"to":[9,22,-2],"rotation":{"angle":0,"axis":"y","origin":[8,18,8]},"faces":{"north":{"uv":[0,0,2,2],"texture":"#0"},"east":{"uv":[0,0,2,2],"texture":"#0"},"south":{"uv":[0,0,2,2],"texture":"#0"},"west":{"uv":[0,0,2,2],"texture":"#0"},"up":{"uv":[0,0,2,2],"rotation":90,"texture":"#0"},"down":{"uv":[0,0,2,2],"rotation":270,"texture":"#0"}}},{"from":[7,10,6],"to":[9,12,8],"rotation":{"angle":0,"axis":"y","origin":[8,18,8]},"faces":{"north":{"uv":[0,0,2,2],"texture":"#0"},"east":{"uv":[0,0,2,2],"texture":"#0"},"south":{"uv":[0,0,2,2],"texture":"#0"},"west":{"uv":[0,0,2,2],"texture":"#0"},"up":{"uv":[0,0,2,2],"rotation":90,"texture":"#0"},"down":{"uv":[0,0,2,2],"rotation":270,"texture":"#0"}}},{"from":[7,22,6],"to":[9,24,8],"rotation":{"angle":0,"axis":"y","origin":[8,18,8]},"faces":{"north":{"uv":[0,0,2,2],"texture":"#0"},"east":{"uv":[0,0,2,2],"texture":"#0"},"south":{"uv":[0,0,2,2],"texture":"#0"},"west":{"uv":[0,0,2,2],"texture":"#0"},"up":{"uv":[0,0,2,2],"rotation":90,"texture":"#0"},"down":{"uv":[0,0,2,2],"rotation":270,"texture":"#0"}}},{"from":[7,10,10],"to":[9,12,12],"rotation":{"angle":0,"axis":"y","origin":[8,18,8]},"faces":{"north":{"uv":[0,0,2,2],"texture":"#0"},"east":{"uv":[0,0,2,2],"texture":"#0"},"south":{"uv":[0,0,2,2],"texture":"#0"},"west":{"uv":[0,0,2,2],"texture":"#0"},"up":{"uv":[0,0,2,2],"rotation":90,"texture":"#0"},"down":{"uv":[0,0,2,2],"rotation":270,"texture":"#0"}}},{"from":[7,22,10],"to":[9,24,12],"rotation":{"angle":0,"axis":"y","origin":[8,18,8]},"faces":{"north":{"uv":[0,0,2,2],"texture":"#0"},"east":{"uv":[0,0,2,2],"texture":"#0"},"south":{"uv":[0,0,2,2],"texture":"#0"},"west":{"uv":[0,0,2,2],"texture":"#0"},"up":{"uv":[0,0,2,2],"rotation":90,"texture":"#0"},"down":{"uv":[0,0,2,2],"rotation":270,"texture":"#0"}}},{"from":[7,10,18],"to":[9,12,20],"rotation":{"angle":0,"axis":"y","origin":[8,18,8]},"faces":{"north":{"uv":[0,0,2,2],"texture":"#0"},"east":{"uv":[0,0,2,2],"texture":"#0"},"south":{"uv":[0,0,2,2],"texture":"#0"},"west":{"uv":[0,0,2,2],"texture":"#0"},"up":{"uv":[0,0,2,2],"rotation":90,"texture":"#0"},"down":{"uv":[0,0,2,2],"rotation":270,"texture":"#0"}}},{"from":[7,22,18],"to":[9,24,20],"rotation":{"angle":0,"axis":"y","origin":[8,18,8]},"faces":{"north":{"uv":[0,0,2,2],"texture":"#0"},"east":{"uv":[0,0,2,2],"texture":"#0"},"south":{"uv":[0,0,2,2],"texture":"#0"},"west":{"uv":[0,0,2,2],"texture":"#0"},"up":{"uv":[0,0,2,2],"rotation":90,"texture":"#0"},"down":{"uv":[0,0,2,2],"rotation":270,"texture":"#0"}}},{"from":[7,10,-6],"to":[9,12,-4],"rotation":{"angle":0,"axis":"y","origin":[8,18,8]},"faces":{"north":{"uv":[0,0,2,2],"texture":"#0"},"east":{"uv":[0,0,2,2],"texture":"#0"},"south":{"uv":[0,0,2,2],"texture":"#0"},"west":{"uv":[0,0,2,2],"texture":"#0"},"up":{"uv":[0,0,2,2],"rotation":90,"texture":"#0"},"down":{"uv":[0,0,2,2],"rotation":270,"texture":"#0"}}},{"from":[7,22,-6],"to":[9,24,-4],"rotation":{"angle":0,"axis":"y","origin":[8,18,8]},"faces":{"north":{"uv":[0,0,2,2],"texture":"#0"},"east":{"uv":[0,0,2,2],"texture":"#0"},"south":{"uv":[0,0,2,2],"texture":"#0"},"west":{"uv":[0,0,2,2],"texture":"#0"},"up":{"uv":[0,0,2,2],"rotation":90,"texture":"#0"},"down":{"uv":[0,0,2,2],"rotation":270,"texture":"#0"}}},{"from":[7,10,14],"to":[9,12,16],"rotation":{"angle":0,"axis":"y","origin":[8,18,8]},"faces":{"north":{"uv":[0,0,2,2],"texture":"#0"},"east":{"uv":[0,0,2,2],"texture":"#0"},"south":{"uv":[0,0,2,2],"texture":"#0"},"west":{"uv":[0,0,2,2],"texture":"#0"},"up":{"uv":[0,0,2,2],"rotation":90,"texture":"#0"},"down":{"uv":[0,0,2,2],"rotation":270,"texture":"#0"}}},{"from":[7,22,14],"to":[9,24,16],"rotation":{"angle":0,"axis":"y","origin":[8,18,8]},"faces":{"north":{"uv":[0,0,2,2],"texture":"#0"},"east":{"uv":[0,0,2,2],"texture":"#0"},"south":{"uv":[0,0,2,2],"texture":"#0"},"west":{"uv":[0,0,2,2],"texture":"#0"},"up":{"uv":[0,0,2,2],"rotation":90,"texture":"#0"},"down":{"uv":[0,0,2,2],"rotation":270,"texture":"#0"}}},{"from":[7,10,-2],"to":[9,12,0],"rotation":{"angle":0,"axis":"y","origin":[8,18,8]},"faces":{"north":{"uv":[0,0,2,2],"texture":"#0"},"east":{"uv":[0,0,2,2],"texture":"#0"},"south":{"uv":[0,0,2,2],"texture":"#0"},"west":{"uv":[0,0,2,2],"texture":"#0"},"up":{"uv":[0,0,2,2],"rotation":90,"texture":"#0"},"down":{"uv":[0,0,2,2],"rotation":270,"texture":"#0"}}},{"from":[7,22,-2],"to":[9,24,0],"rotation":{"angle":0,"axis":"y","origin":[8,18,8]},"faces":{"north":{"uv":[0,0,2,2],"texture":"#0"},"east":{"uv":[0,0,2,2],"texture":"#0"},"south":{"uv":[0,0,2,2],"texture":"#0"},"west":{"uv":[0,0,2,2],"texture":"#0"},"up":{"uv":[0,0,2,2],"rotation":90,"texture":"#0"},"down":{"uv":[0,0,2,2],"rotation":270,"texture":"#0"}}},{"from":[7,12,8],"to":[9,14,10],"rotation":{"angle":0,"axis":"y","origin":[8,18,8]},"faces":{"north":{"uv":[0,0,2,2],"texture":"#0"},"east":{"uv":[0,0,2,2],"texture":"#0"},"south":{"uv":[0,0,2,2],"texture":"#0"},"west":{"uv":[0,0,2,2],"texture":"#0"},"up":{"uv":[0,0,2,2],"rotation":90,"texture":"#0"},"down":{"uv":[0,0,2,2],"rotation":270,"texture":"#0"}}},{"from":[7,24,8],"to":[9,26,10],"rotation":{"angle":0,"axis":"y","origin":[8,18,8]},"faces":{"north":{"uv":[0,0,2,2],"texture":"#0"},"east":{"uv":[0,0,2,2],"texture":"#0"},"south":{"uv":[0,0,2,2],"texture":"#0"},"west":{"uv":[0,0,2,2],"texture":"#0"},"up":{"uv":[0,0,2,2],"rotation":90,"texture":"#0"},"down":{"uv":[0,0,2,2],"rotation":270,"texture":"#0"}}},{"from":[7,28,8],"to":[9,30,10],"rotation":{"angle":0,"axis":"y","origin":[8,18,8]},"faces":{"north":{"uv":[0,0,2,2],"texture":"#0"},"east":{"uv":[0,0,2,2],"texture":"#0"},"south":{"uv":[0,0,2,2],"texture":"#0"},"west":{"uv":[0,0,2,2],"texture":"#0"},"up":{"uv":[0,0,2,2],"rotation":90,"texture":"#0"},"down":{"uv":[0,0,2,2],"rotation":270,"texture":"#0"}}},{"from":[7,12,16],"to":[9,14,18],"rotation":{"angle":0,"axis":"y","origin":[8,18,8]},"faces":{"north":{"uv":[0,0,2,2],"texture":"#0"},"east":{"uv":[0,0,2,2],"texture":"#0"},"south":{"uv":[0,0,2,2],"texture":"#0"},"west":{"uv":[0,0,2,2],"texture":"#0"},"up":{"uv":[0,0,2,2],"rotation":90,"texture":"#0"},"down":{"uv":[0,0,2,2],"rotation":270,"texture":"#0"}}},{"from":[7,24,16],"to":[9,26,18],"rotation":{"angle":0,"axis":"y","origin":[8,18,8]},"faces":{"north":{"uv":[0,0,2,2],"texture":"#0"},"east":{"uv":[0,0,2,2],"texture":"#0"},"south":{"uv":[0,0,2,2],"texture":"#0"},"west":{"uv":[0,0,2,2],"texture":"#0"},"up":{"uv":[0,0,2,2],"rotation":90,"texture":"#0"},"down":{"uv":[0,0,2,2],"rotation":270,"texture":"#0"}}},{"from":[7,12,20],"to":[9,14,22],"rotation":{"angle":0,"axis":"y","origin":[8,18,8]},"faces":{"north":{"uv":[0,0,2,2],"texture":"#0"},"east":{"uv":[0,0,2,2],"texture":"#0"},"south":{"uv":[0,0,2,2],"texture":"#0"},"west":{"uv":[0,0,2,2],"texture":"#0"},"up":{"uv":[0,0,2,2],"rotation":90,"texture":"#0"},"down":{"uv":[0,0,2,2],"rotation":270,"texture":"#0"}}},{"from":[7,24,20],"to":[9,26,22],"rotation":{"angle":0,"axis":"y","origin":[8,18,8]},"faces":{"north":{"uv":[0,0,2,2],"texture":"#0"},"east":{"uv":[0,0,2,2],"texture":"#0"},"south":{"uv":[0,0,2,2],"texture":"#0"},"west":{"uv":[0,0,2,2],"texture":"#0"},"up":{"uv":[0,0,2,2],"rotation":90,"texture":"#0"},"down":{"uv":[0,0,2,2],"rotation":270,"texture":"#0"}}},{"from":[7,28,16],"to":[9,30,18],"rotation":{"angle":0,"axis":"y","origin":[8,18,8]},"faces":{"north":{"uv":[0,0,2,2],"texture":"#0"},"east":{"uv":[0,0,2,2],"texture":"#0"},"south":{"uv":[0,0,2,2],"texture":"#0"},"west":{"uv":[0,0,2,2],"texture":"#0"},"up":{"uv":[0,0,2,2],"rotation":90,"texture":"#0"},"down":{"uv":[0,0,2,2],"rotation":270,"texture":"#0"}}},{"from":[7,28,20],"to":[9,30,22],"rotation":{"angle":0,"axis":"y","origin":[8,18,8]},"faces":{"north":{"uv":[0,0,2,2],"texture":"#0"},"east":{"uv":[0,0,2,2],"texture":"#0"},"south":{"uv":[0,0,2,2],"texture":"#0"},"west":{"uv":[0,0,2,2],"texture":"#0"},"up":{"uv":[0,0,2,2],"rotation":90,"texture":"#0"},"down":{"uv":[0,0,2,2],"rotation":270,"texture":"#0"}}},{"from":[7,12,0],"to":[9,14,2],"rotation":{"angle":0,"axis":"y","origin":[8,18,8]},"faces":{"north":{"uv":[0,0,2,2],"texture":"#0"},"east":{"uv":[0,0,2,2],"texture":"#0"},"south":{"uv":[0,0,2,2],"texture":"#0"},"west":{"uv":[0,0,2,2],"texture":"#0"},"up":{"uv":[0,0,2,2],"rotation":90,"texture":"#0"},"down":{"uv":[0,0,2,2],"rotation":270,"texture":"#0"}}},{"from":[7,24,0],"to":[9,26,2],"rotation":{"angle":0,"axis":"y","origin":[8,18,8]},"faces":{"north":{"uv":[0,0,2,2],"texture":"#0"},"east":{"uv":[0,0,2,2],"texture":"#0"},"south":{"uv":[0,0,2,2],"texture":"#0"},"west":{"uv":[0,0,2,2],"texture":"#0"},"up":{"uv":[0,0,2,2],"rotation":90,"texture":"#0"},"down":{"uv":[0,0,2,2],"rotation":270,"texture":"#0"}}},{"from":[7,28,0],"to":[9,30,2],"rotation":{"angle":0,"axis":"y","origin":[8,18,8]},"faces":{"north":{"uv":[0,0,2,2],"texture":"#0"},"east":{"uv":[0,0,2,2],"texture":"#0"},"south":{"uv":[0,0,2,2],"texture":"#0"},"west":{"uv":[0,0,2,2],"texture":"#0"},"up":{"uv":[0,0,2,2],"rotation":90,"texture":"#0"},"down":{"uv":[0,0,2,2],"rotation":270,"texture":"#0"}}},{"from":[7,8,0],"to":[9,10,2],"rotation":{"angle":0,"axis":"y","origin":[8,18,8]},"faces":{"north":{"uv":[0,0,2,2],"texture":"#0"},"east":{"uv":[0,0,2,2],"texture":"#0"},"south":{"uv":[0,0,2,2],"texture":"#0"},"west":{"uv":[0,0,2,2],"texture":"#0"},"up":{"uv":[0,0,2,2],"rotation":90,"texture":"#0"},"down":{"uv":[0,0,2,2],"rotation":270,"texture":"#0"}}},{"from":[7,20,0],"to":[9,22,2],"rotation":{"angle":0,"axis":"y","origin":[8,18,8]},"faces":{"north":{"uv":[0,0,2,2],"texture":"#0"},"east":{"uv":[0,0,2,2],"texture":"#0"},"south":{"uv":[0,0,2,2],"texture":"#0"},"west":{"uv":[0,0,2,2],"texture":"#0"},"up":{"uv":[0,0,2,2],"rotation":90,"texture":"#0"},"down":{"uv":[0,0,2,2],"rotation":270,"texture":"#0"}}},{"from":[7,12,12],"to":[9,14,14],"rotation":{"angle":0,"axis":"y","origin":[8,18,8]},"faces":{"north":{"uv":[0,0,2,2],"texture":"#0"},"east":{"uv":[0,0,2,2],"texture":"#0"},"south":{"uv":[0,0,2,2],"texture":"#0"},"west":{"uv":[0,0,2,2],"texture":"#0"},"up":{"uv":[0,0,2,2],"rotation":90,"texture":"#0"},"down":{"uv":[0,0,2,2],"rotation":270,"texture":"#0"}}},{"from":[7,24,12],"to":[9,26,14],"rotation":{"angle":0,"axis":"y","origin":[8,18,8]},"faces":{"north":{"uv":[0,0,2,2],"texture":"#0"},"east":{"uv":[0,0,2,2],"texture":"#0"},"south":{"uv":[0,0,2,2],"texture":"#0"},"west":{"uv":[0,0,2,2],"texture":"#0"},"up":{"uv":[0,0,2,2],"rotation":90,"texture":"#0"},"down":{"uv":[0,0,2,2],"rotation":270,"texture":"#0"}}},{"from":[7,28,12],"to":[9,30,14],"rotation":{"angle":0,"axis":"y","origin":[8,18,8]},"faces":{"north":{"uv":[0,0,2,2],"texture":"#0"},"east":{"uv":[0,0,2,2],"texture":"#0"},"south":{"uv":[0,0,2,2],"texture":"#0"},"west":{"uv":[0,0,2,2],"texture":"#0"},"up":{"uv":[0,0,2,2],"rotation":90,"texture":"#0"},"down":{"uv":[0,0,2,2],"rotation":270,"texture":"#0"}}},{"from":[7,12,-4],"to":[9,14,-2],"rotation":{"angle":0,"axis":"y","origin":[8,18,8]},"faces":{"north":{"uv":[0,0,2,2],"texture":"#0"},"east":{"uv":[0,0,2,2],"texture":"#0"},"south":{"uv":[0,0,2,2],"texture":"#0"},"west":{"uv":[0,0,2,2],"texture":"#0"},"up":{"uv":[0,0,2,2],"rotation":90,"texture":"#0"},"down":{"uv":[0,0,2,2],"rotation":270,"texture":"#0"}}},{"from":[7,24,-4],"to":[9,26,-2],"rotation":{"angle":0,"axis":"y","origin":[8,18,8]},"faces":{"north":{"uv":[0,0,2,2],"texture":"#0"},"east":{"uv":[0,0,2,2],"texture":"#0"},"south":{"uv":[0,0,2,2],"texture":"#0"},"west":{"uv":[0,0,2,2],"texture":"#0"},"up":{"uv":[0,0,2,2],"rotation":90,"texture":"#0"},"down":{"uv":[0,0,2,2],"rotation":270,"texture":"#0"}}},{"from":[7,28,-4],"to":[9,30,-2],"rotation":{"angle":0,"axis":"y","origin":[8,18,8]},"faces":{"north":{"uv":[0,0,2,2],"texture":"#0"},"east":{"uv":[0,0,2,2],"texture":"#0"},"south":{"uv":[0,0,2,2],"texture":"#0"},"west":{"uv":[0,0,2,2],"texture":"#0"},"up":{"uv":[0,0,2,2],"rotation":90,"texture":"#0"},"down":{"uv":[0,0,2,2],"rotation":270,"texture":"#0"}}},{"from":[7,12,4],"to":[9,14,6],"rotation":{"angle":0,"axis":"y","origin":[8,18,8]},"faces":{"north":{"uv":[0,0,2,2],"texture":"#0"},"east":{"uv":[0,0,2,2],"texture":"#0"},"south":{"uv":[0,0,2,2],"texture":"#0"},"west":{"uv":[0,0,2,2],"texture":"#0"},"up":{"uv":[0,0,2,2],"rotation":90,"texture":"#0"},"down":{"uv":[0,0,2,2],"rotation":270,"texture":"#0"}}},{"from":[7,24,4],"to":[9,26,6],"rotation":{"angle":0,"axis":"y","origin":[8,18,8]},"faces":{"north":{"uv":[0,0,2,2],"texture":"#0"},"east":{"uv":[0,0,2,2],"texture":"#0"},"south":{"uv":[0,0,2,2],"texture":"#0"},"west":{"uv":[0,0,2,2],"texture":"#0"},"up":{"uv":[0,0,2,2],"rotation":90,"texture":"#0"},"down":{"uv":[0,0,2,2],"rotation":270,"texture":"#0"}}},{"from":[7,28,4],"to":[9,30,6],"rotation":{"angle":0,"axis":"y","origin":[8,18,8]},"faces":{"north":{"uv":[0,0,2,2],"texture":"#0"},"east":{"uv":[0,0,2,2],"texture":"#0"},"south":{"uv":[0,0,2,2],"texture":"#0"},"west":{"uv":[0,0,2,2],"texture":"#0"},"up":{"uv":[0,0,2,2],"rotation":90,"texture":"#0"},"down":{"uv":[0,0,2,2],"rotation":270,"texture":"#0"}}},{"from":[7,14,10],"to":[9,16,12],"rotation":{"angle":0,"axis":"y","origin":[8,18,8]},"faces":{"north":{"uv":[0,0,2,2],"texture":"#0"},"east":{"uv":[0,0,2,2],"texture":"#0"},"south":{"uv":[0,0,2,2],"texture":"#0"},"west":{"uv":[0,0,2,2],"texture":"#0"},"up":{"uv":[0,0,2,2],"rotation":90,"texture":"#0"},"down":{"uv":[0,0,2,2],"rotation":270,"texture":"#0"}}},{"from":[7,26,10],"to":[9,28,12],"rotation":{"angle":0,"axis":"y","origin":[8,18,8]},"faces":{"north":{"uv":[0,0,2,2],"texture":"#0"},"east":{"uv":[0,0,2,2],"texture":"#0"},"south":{"uv":[0,0,2,2],"texture":"#0"},"west":{"uv":[0,0,2,2],"texture":"#0"},"up":{"uv":[0,0,2,2],"rotation":90,"texture":"#0"},"down":{"uv":[0,0,2,2],"rotation":270,"texture":"#0"}}},{"from":[7,30,10],"to":[9,32,12],"rotation":{"angle":0,"axis":"y","origin":[8,18,8]},"faces":{"north":{"uv":[0,0,2,2],"texture":"#0"},"east":{"uv":[0,0,2,2],"texture":"#0"},"south":{"uv":[0,0,2,2],"texture":"#0"},"west":{"uv":[0,0,2,2],"texture":"#0"},"up":{"uv":[0,0,2,2],"rotation":90,"texture":"#0"},"down":{"uv":[0,0,2,2],"rotation":270,"texture":"#0"}}},{"from":[7,14,18],"to":[9,16,20],"rotation":{"angle":0,"axis":"y","origin":[8,18,8]},"faces":{"north":{"uv":[0,0,2,2],"texture":"#0"},"east":{"uv":[0,0,2,2],"texture":"#0"},"south":{"uv":[0,0,2,2],"texture":"#0"},"west":{"uv":[0,0,2,2],"texture":"#0"},"up":{"uv":[0,0,2,2],"rotation":90,"texture":"#0"},"down":{"uv":[0,0,2,2],"rotation":270,"texture":"#0"}}},{"from":[7,26,18],"to":[9,28,20],"rotation":{"angle":0,"axis":"y","origin":[8,18,8]},"faces":{"north":{"uv":[0,0,2,2],"texture":"#0"},"east":{"uv":[0,0,2,2],"texture":"#0"},"south":{"uv":[0,0,2,2],"texture":"#0"},"west":{"uv":[0,0,2,2],"texture":"#0"},"up":{"uv":[0,0,2,2],"rotation":90,"texture":"#0"},"down":{"uv":[0,0,2,2],"rotation":270,"texture":"#0"}}},{"from":[7,14,-6],"to":[9,16,-4],"rotation":{"angle":0,"axis":"y","origin":[8,18,8]},"faces":{"north":{"uv":[0,0,2,2],"texture":"#0"},"east":{"uv":[0,0,2,2],"texture":"#0"},"south":{"uv":[0,0,2,2],"texture":"#0"},"west":{"uv":[0,0,2,2],"texture":"#0"},"up":{"uv":[0,0,2,2],"rotation":90,"texture":"#0"},"down":{"uv":[0,0,2,2],"rotation":270,"texture":"#0"}}},{"from":[7,26,-6],"to":[9,28,-4],"rotation":{"angle":0,"axis":"y","origin":[8,18,8]},"faces":{"north":{"uv":[0,0,2,2],"texture":"#0"},"east":{"uv":[0,0,2,2],"texture":"#0"},"south":{"uv":[0,0,2,2],"texture":"#0"},"west":{"uv":[0,0,2,2],"texture":"#0"},"up":{"uv":[0,0,2,2],"rotation":90,"texture":"#0"},"down":{"uv":[0,0,2,2],"rotation":270,"texture":"#0"}}},{"from":[7,30,18],"to":[9,32,20],"rotation":{"angle":0,"axis":"y","origin":[8,18,8]},"faces":{"north":{"uv":[0,0,2,2],"texture":"#0"},"east":{"uv":[0,0,2,2],"texture":"#0"},"south":{"uv":[0,0,2,2],"texture":"#0"},"west":{"uv":[0,0,2,2],"texture":"#0"},"up":{"uv":[0,0,2,2],"rotation":90,"texture":"#0"},"down":{"uv":[0,0,2,2],"rotation":270,"texture":"#0"}}},{"from":[7,30,-6],"to":[9,32,-4],"rotation":{"angle":0,"axis":"y","origin":[8,18,8]},"faces":{"north":{"uv":[0,0,2,2],"texture":"#0"},"east":{"uv":[0,0,2,2],"texture":"#0"},"south":{"uv":[0,0,2,2],"texture":"#0"},"west":{"uv":[0,0,2,2],"texture":"#0"},"up":{"uv":[0,0,2,2],"rotation":90,"texture":"#0"},"down":{"uv":[0,0,2,2],"rotation":270,"texture":"#0"}}},{"from":[7,14,2],"to":[9,16,4],"rotation":{"angle":0,"axis":"y","origin":[8,18,8]},"faces":{"north":{"uv":[0,0,2,2],"texture":"#0"},"east":{"uv":[0,0,2,2],"texture":"#0"},"south":{"uv":[0,0,2,2],"texture":"#0"},"west":{"uv":[0,0,2,2],"texture":"#0"},"up":{"uv":[0,0,2,2],"rotation":90,"texture":"#0"},"down":{"uv":[0,0,2,2],"rotation":270,"texture":"#0"}}},{"from":[7,26,2],"to":[9,28,4],"rotation":{"angle":0,"axis":"y","origin":[8,18,8]},"faces":{"north":{"uv":[0,0,2,2],"texture":"#0"},"east":{"uv":[0,0,2,2],"texture":"#0"},"south":{"uv":[0,0,2,2],"texture":"#0"},"west":{"uv":[0,0,2,2],"texture":"#0"},"up":{"uv":[0,0,2,2],"rotation":90,"texture":"#0"},"down":{"uv":[0,0,2,2],"rotation":270,"texture":"#0"}}},{"from":[7,30,2],"to":[9,32,4],"rotation":{"angle":0,"axis":"y","origin":[8,18,8]},"faces":{"north":{"uv":[0,0,2,2],"texture":"#0"},"east":{"uv":[0,0,2,2],"texture":"#0"},"south":{"uv":[0,0,2,2],"texture":"#0"},"west":{"uv":[0,0,2,2],"texture":"#0"},"up":{"uv":[0,0,2,2],"rotation":90,"texture":"#0"},"down":{"uv":[0,0,2,2],"rotation":270,"texture":"#0"}}},{"from":[7,10,2],"to":[9,12,4],"rotation":{"angle":0,"axis":"y","origin":[8,18,8]},"faces":{"north":{"uv":[0,0,2,2],"texture":"#0"},"east":{"uv":[0,0,2,2],"texture":"#0"},"south":{"uv":[0,0,2,2],"texture":"#0"},"west":{"uv":[0,0,2,2],"texture":"#0"},"up":{"uv":[0,0,2,2],"rotation":90,"texture":"#0"},"down":{"uv":[0,0,2,2],"rotation":270,"texture":"#0"}}},{"from":[7,22,2],"to":[9,24,4],"rotation":{"angle":0,"axis":"y","origin":[8,18,8]},"faces":{"north":{"uv":[0,0,2,2],"texture":"#0"},"east":{"uv":[0,0,2,2],"texture":"#0"},"south":{"uv":[0,0,2,2],"texture":"#0"},"west":{"uv":[0,0,2,2],"texture":"#0"},"up":{"uv":[0,0,2,2],"rotation":90,"texture":"#0"},"down":{"uv":[0,0,2,2],"rotation":270,"texture":"#0"}}},{"from":[7,14,14],"to":[9,16,16],"rotation":{"angle":0,"axis":"y","origin":[8,18,8]},"faces":{"north":{"uv":[0,0,2,2],"texture":"#0"},"east":{"uv":[0,0,2,2],"texture":"#0"},"south":{"uv":[0,0,2,2],"texture":"#0"},"west":{"uv":[0,0,2,2],"texture":"#0"},"up":{"uv":[0,0,2,2],"rotation":90,"texture":"#0"},"down":{"uv":[0,0,2,2],"rotation":270,"texture":"#0"}}},{"from":[7,26,14],"to":[9,28,16],"rotation":{"angle":0,"axis":"y","origin":[8,18,8]},"faces":{"north":{"uv":[0,0,2,2],"texture":"#0"},"east":{"uv":[0,0,2,2],"texture":"#0"},"south":{"uv":[0,0,2,2],"texture":"#0"},"west":{"uv":[0,0,2,2],"texture":"#0"},"up":{"uv":[0,0,2,2],"rotation":90,"texture":"#0"},"down":{"uv":[0,0,2,2],"rotation":270,"texture":"#0"}}},{"from":[7,30,14],"to":[9,32,16],"rotation":{"angle":0,"axis":"y","origin":[8,18,8]},"faces":{"north":{"uv":[0,0,2,2],"texture":"#0"},"east":{"uv":[0,0,2,2],"texture":"#0"},"south":{"uv":[0,0,2,2],"texture":"#0"},"west":{"uv":[0,0,2,2],"texture":"#0"},"up":{"uv":[0,0,2,2],"rotation":90,"texture":"#0"},"down":{"uv":[0,0,2,2],"rotation":270,"texture":"#0"}}},{"from":[7,14,-2],"to":[9,16,0],"rotation":{"angle":0,"axis":"y","origin":[8,18,8]},"faces":{"north":{"uv":[0,0,2,2],"texture":"#0"},"east":{"uv":[0,0,2,2],"texture":"#0"},"south":{"uv":[0,0,2,2],"texture":"#0"},"west":{"uv":[0,0,2,2],"texture":"#0"},"up":{"uv":[0,0,2,2],"rotation":90,"texture":"#0"},"down":{"uv":[0,0,2,2],"rotation":270,"texture":"#0"}}},{"from":[7,26,-2],"to":[9,28,0],"rotation":{"angle":0,"axis":"y","origin":[8,18,8]},"faces":{"north":{"uv":[0,0,2,2],"texture":"#0"},"east":{"uv":[0,0,2,2],"texture":"#0"},"south":{"uv":[0,0,2,2],"texture":"#0"},"west":{"uv":[0,0,2,2],"texture":"#0"},"up":{"uv":[0,0,2,2],"rotation":90,"texture":"#0"},"down":{"uv":[0,0,2,2],"rotation":270,"texture":"#0"}}},{"from":[7,30,-2],"to":[9,32,0],"rotation":{"angle":0,"axis":"y","origin":[8,18,8]},"faces":{"north":{"uv":[0,0,2,2],"texture":"#0"},"east":{"uv":[0,0,2,2],"texture":"#0"},"south":{"uv":[0,0,2,2],"texture":"#0"},"west":{"uv":[0,0,2,2],"texture":"#0"},"up":{"uv":[0,0,2,2],"rotation":90,"texture":"#0"},"down":{"uv":[0,0,2,2],"rotation":270,"texture":"#0"}}},{"from":[7,14,6],"to":[9,16,8],"rotation":{"angle":0,"axis":"y","origin":[8,18,8]},"faces":{"north":{"uv":[0,0,2,2],"texture":"#0"},"east":{"uv":[0,0,2,2],"texture":"#0"},"south":{"uv":[0,0,2,2],"texture":"#0"},"west":{"uv":[0,0,2,2],"texture":"#0"},"up":{"uv":[0,0,2,2],"rotation":90,"texture":"#0"},"down":{"uv":[0,0,2,2],"rotation":270,"texture":"#0"}}},{"from":[7,26,6],"to":[9,28,8],"rotation":{"angle":0,"axis":"y","origin":[8,18,8]},"faces":{"north":{"uv":[0,0,2,2],"texture":"#0"},"east":{"uv":[0,0,2,2],"texture":"#0"},"south":{"uv":[0,0,2,2],"texture":"#0"},"west":{"uv":[0,0,2,2],"texture":"#0"},"up":{"uv":[0,0,2,2],"rotation":90,"texture":"#0"},"down":{"uv":[0,0,2,2],"rotation":270,"texture":"#0"}}},{"from":[7,30,6],"to":[9,32,8],"rotation":{"angle":0,"axis":"y","origin":[8,18,8]},"faces":{"north":{"uv":[0,0,2,2],"texture":"#0"},"east":{"uv":[0,0,2,2],"texture":"#0"},"south":{"uv":[0,0,2,2],"texture":"#0"},"west":{"uv":[0,0,2,2],"texture":"#0"},"up":{"uv":[0,0,2,2],"rotation":90,"texture":"#0"},"down":{"uv":[0,0,2,2],"rotation":270,"texture":"#0"}}}]}