{"parent":"minecraft:block/fence_post","textures":{"0":"hockey:net/netting","particle":"hockey:net/netting"},"elements":[{"from":[20,1,0],"to":[22,3,2],"rotation":{"angle":0,"axis":"z","origin":[8,2,8]},"faces":{"north":{"uv":[0,0,2,2],"rotation":90,"texture":"#0"},"east":{"uv":[0,0,2,2],"rotation":180,"texture":"#0"},"south":{"uv":[0,0,2,2],"rotation":270,"texture":"#0"},"west":{"uv":[0,0,2,2],"texture":"#0"},"up":{"uv":[0,0,2,2],"rotation":270,"texture":"#0"},"down":{"uv":[0,0,2,2],"rotation":270,"texture":"#0"}}},{"from":[8,1,0],"to":[10,3,2],"rotation":{"angle":0,"axis":"z","origin":[8,2,8]},"faces":{"north":{"uv":[0,0,2,2],"rotation":90,"texture":"#0"},"east":{"uv":[0,0,2,2],"rotation":180,"texture":"#0"},"south":{"uv":[0,0,2,2],"rotation":270,"texture":"#0"},"west":{"uv":[0,0,2,2],"texture":"#0"},"up":{"uv":[0,0,2,2],"rotation":270,"texture":"#0"},"down":{"uv":[0,0,2,2],"rotation":270,"texture":"#0"}}},{"from":[20,1,4],"to":[22,3,6],"rotation":{"angle":0,"axis":"z","origin":[8,2,8]},"faces":{"north":{"uv":[0,0,2,2],"rotation":90,"texture":"#0"},"east":{"uv":[0,0,2,2],"rotation":180,"texture":"#0"},"south":{"uv":[0,0,2,2],"rotation":270,"texture":"#0"},"west":{"uv":[0,0,2,2],"texture":"#0"},"up":{"uv":[0,0,2,2],"rotation":270,"texture":"#0"},"down":{"uv":[0,0,2,2],"rotation":270,"texture":"#0"}}},{"from":[8,1,4],"to":[10,3,6],"rotation":{"angle":0,"axis":"z","origin":[8,2,8]},"faces":{"north":{"uv":[0,0,2,2],"rotation":90,"texture":"#0"},"east":{"uv":[0,0,2,2],"rotation":180,"texture":"#0"},"south":{"uv":[0,0,2,2],"rotation":270,"texture":"#0"},"west":{"uv":[0,0,2,2],"texture":"#0"},"up":{"uv":[0,0,2,2],"rotation":270,"texture":"#0"},"down":{"uv":[0,0,2,2],"rotation":270,"texture":"#0"}}},{"from":[20,1,8],"to":[22,3,10],"rotation":{"angle":0,"axis":"z","origin":[8,2,8]},"faces":{"north":{"uv":[0,0,2,2],"rotation":90,"texture":"#0"},"east":{"uv":[0,0,2,2],"rotation":180,"texture":"#0"},"south":{"uv":[0,0,2,2],"rotation":270,"texture":"#0"},"west":{"uv":[0,0,2,2],"texture":"#0"},"up":{"uv":[0,0,2,2],"rotation":270,"texture":"#0"},"down":{"uv":[0,0,2,2],"rotation":270,"texture":"#0"}}},{"from":[8,1,8],"to":[10,3,10],"rotation":{"angle":0,"axis":"z","origin":[8,2,8]},"faces":{"north":{"uv":[0,0,2,2],"rotation":90,"texture":"#0"},"east":{"uv":[0,0,2,2],"rotation":180,"texture":"#0"},"south":{"uv":[0,0,2,2],"rotation":270,"texture":"#0"},"west":{"uv":[0,0,2,2],"texture":"#0"},"up":{"uv":[0,0,2,2],"rotation":270,"texture":"#0"},"down":{"uv":[0,0,2,2],"rotation":270,"texture":"#0"}}},{"from":[20,1,16],"to":[22,3,18],"rotation":{"angle":0,"axis":"z","origin":[8,2,8]},"faces":{"north":{"uv":[0,0,2,2],"rotation":90,"texture":"#0"},"east":{"uv":[0,0,2,2],"rotation":180,"texture":"#0"},"south":{"uv":[0,0,2,2],"rotation":270,"texture":"#0"},"west":{"uv":[0,0,2,2],"texture":"#0"},"up":{"uv":[0,0,2,2],"rotation":270,"texture":"#0"},"down":{"uv":[0,0,2,2],"rotation":270,"texture":"#0"}}},{"from":[8,1,16],"to":[10,3,18],"rotation":{"angle":0,"axis":"z","origin":[8,2,8]},"faces":{"north":{"uv":[0,0,2,2],"rotation":90,"texture":"#0"},"east":{"uv":[0,0,2,2],"rotation":180,"texture":"#0"},"south":{"uv":[0,0,2,2],"rotation":270,"texture":"#0"},"west":{"uv":[0,0,2,2],"texture":"#0"},"up":{"uv":[0,0,2,2],"rotation":270,"texture":"#0"},"down":{"uv":[0,0,2,2],"rotation":270,"texture":"#0"}}},{"from":[20,1,20],"to":[22,3,22],"rotation":{"angle":0,"axis":"z","origin":[8,2,8]},"faces":{"north":{"uv":[0,0,2,2],"rotation":90,"texture":"#0"},"east":{"uv":[0,0,2,2],"rotation":180,"texture":"#0"},"south":{"uv":[0,0,2,2],"rotation":270,"texture":"#0"},"west":{"uv":[0,0,2,2],"texture":"#0"},"up":{"uv":[0,0,2,2],"rotation":270,"texture":"#0"},"down":{"uv":[0,0,2,2],"rotation":270,"texture":"#0"}}},{"from":[8,1,20],"to":[10,3,22],"rotation":{"angle":0,"axis":"z","origin":[8,2,8]},"faces":{"north":{"uv":[0,0,2,2],"rotation":90,"texture":"#0"},"east":{"uv":[0,0,2,2],"rotation":180,"texture":"#0"},"south":{"uv":[0,0,2,2],"rotation":270,"texture":"#0"},"west":{"uv":[0,0,2,2],"texture":"#0"},"up":{"uv":[0,0,2,2],"rotation":270,"texture":"#0"},"down":{"uv":[0,0,2,2],"rotation":270,"texture":"#0"}}},{"from":[20,1,12],"to":[22,3,14],"rotation":{"angle":0,"axis":"z","origin":[8,2,8]},"faces":{"north":{"uv":[0,0,2,2],"rotation":90,"texture":"#0"},"east":{"uv":[0,0,2,2],"rotation":180,"texture":"#0"},"south":{"uv":[0,0,2,2],"rotation":270,"texture":"#0"},"west":{"uv":[0,0,2,2],"texture":"#0"},"up":{"uv":[0,0,2,2],"rotation":270,"texture":"#0"},"down":{"uv":[0,0,2,2],"rotation":270,"texture":"#0"}}},{"from":[8,1,12],"to":[10,3,14],"rotation":{"angle":0,"axis":"z","origin":[8,2,8]},"faces":{"north":{"uv":[0,0,2,2],"rotation":90,"texture":"#0"},"east":{"uv":[0,0,2,2],"rotation":180,"texture":"#0"},"south":{"uv":[0,0,2,2],"rotation":270,"texture":"#0"},"west":{"uv":[0,0,2,2],"texture":"#0"},"up":{"uv":[0,0,2,2],"rotation":270,"texture":"#0"},"down":{"uv":[0,0,2,2],"rotation":270,"texture":"#0"}}},{"from":[20,1,-4],"to":[22,3,-2],"rotation":{"angle":0,"axis":"z","origin":[8,2,8]},"faces":{"north":{"uv":[0,0,2,2],"rotation":90,"texture":"#0"},"east":{"uv":[0,0,2,2],"rotation":180,"texture":"#0"},"south":{"uv":[0,0,2,2],"rotation":270,"texture":"#0"},"west":{"uv":[0,0,2,2],"texture":"#0"},"up":{"uv":[0,0,2,2],"rotation":270,"texture":"#0"},"down":{"uv":[0,0,2,2],"rotation":270,"texture":"#0"}}},{"from":[8,1,-4],"to":[10,3,-2],"rotation":{"angle":0,"axis":"z","origin":[8,2,8]},"faces":{"north":{"uv":[0,0,2,2],"rotation":90,"texture":"#0"},"east":{"uv":[0,0,2,2],"rotation":180,"texture":"#0"},"south":{"uv":[0,0,2,2],"rotation":270,"texture":"#0"},"west":{"uv":[0,0,2,2],"texture":"#0"},"up":{"uv":[0,0,2,2],"rotation":270,"texture":"#0"},"down":{"uv":[0,0,2,2],"rotation":270,"texture":"#0"}}},{"from":[18,1,2],"to":[20,3,4],"rotation":{"angle":0,"axis":"z","origin":[8,2,8]},"faces":{"north":{"uv":[0,0,2,2],"rotation":90,"texture":"#0"},"east":{"uv":[0,0,2,2],"rotation":180,"texture":"#0"},"south":{"uv":[0,0,2,2],"rotation":270,"texture":"#0"},"west":{"uv":[0,0,2,2],"texture":"#0"},"up":{"uv":[0,0,2,2],"rotation":270,"texture":"#0"},"down":{"uv":[0,0,2,2],"rotation":270,"texture":"#0"}}},{"from":[6,1,2],"to":[8,3,4],"rotation":{"angle":0,"axis":"z","origin":[8,2,8]},"faces":{"north":{"uv":[0,0,2,2],"rotation":90,"texture":"#0"},"east":{"uv":[0,0,2,2],"rotation":180,"texture":"#0"},"south":{"uv":[0,0,2,2],"rotation":270,"texture":"#0"},"west":{"uv":[0,0,2,2],"texture":"#0"},"up":{"uv":[0,0,2,2],"rotation":270,"texture":"#0"},"down":{"uv":[0,0,2,2],"rotation":270,"texture":"#0"}}},{"from":[18,1,6],"to":[20,3,8],"rotation":{"angle":0,"axis":"z","origin":[8,2,8]},"faces":{"north":{"uv":[0,0,2,2],"rotation":90,"texture":"#0"},"east":{"uv":[0,0,2,2],"rotation":180,"texture":"#0"},"south":{"uv":[0,0,2,2],"rotation":270,"texture":"#0"},"west":{"uv":[0,0,2,2],"texture":"#0"},"up":{"uv":[0,0,2,2],"rotation":270,"texture":"#0"},"down":{"uv":[0,0,2,2],"rotation":270,"texture":"#0"}}},{"from":[6,1,6],"to":[8,3,8],"rotation":{"angle":0,"axis":"z","origin":[8,2,8]},"faces":{"north":{"uv":[0,0,2,2],"rotation":90,"texture":"#0"},"east":{"uv":[0,0,2,2],"rotation":180,"texture":"#0"},"south":{"uv":[0,0,2,2],"rotation":270,"texture":"#0"},"west":{"uv":[0,0,2,2],"texture":"#0"},"up":{"uv":[0,0,2,2],"rotation":270,"texture":"#0"},"down":{"uv":[0,0,2,2],"rotation":270,"texture":"#0"}}},{"from":[18,1,10],"to":[20,3,12],"rotation":{"angle":0,"axis":"z","origin":[8,2,8]},"faces":{"north":{"uv":[0,0,2,2],"rotation":90,"texture":"#0"},"east":{"uv":[0,0,2,2],"rotation":180,"texture":"#0"},"south":{"uv":[0,0,2,2],"rotation":270,"texture":"#0"},"west":{"uv":[0,0,2,2],"texture":"#0"},"up":{"uv":[0,0,2,2],"rotation":270,"texture":"#0"},"down":{"uv":[0,0,2,2],"rotation":270,"texture":"#0"}}},{"from":[6,1,10],"to":[8,3,12],"rotation":{"angle":0,"axis":"z","origin":[8,2,8]},"faces":{"north":{"uv":[0,0,2,2],"rotation":90,"texture":"#0"},"east":{"uv":[0,0,2,2],"rotation":180,"texture":"#0"},"south":{"uv":[0,0,2,2],"rotation":270,"texture":"#0"},"west":{"uv":[0,0,2,2],"texture":"#0"},"up":{"uv":[0,0,2,2],"rotation":270,"texture":"#0"},"down":{"uv":[0,0,2,2],"rotation":270,"texture":"#0"}}},{"from":[18,1,18],"to":[20,3,20],"rotation":{"angle":0,"axis":"z","origin":[8,2,8]},"faces":{"north":{"uv":[0,0,2,2],"rotation":90,"texture":"#0"},"east":{"uv":[0,0,2,2],"rotation":180,"texture":"#0"},"south":{"uv":[0,0,2,2],"rotation":270,"texture":"#0"},"west":{"uv":[0,0,2,2],"texture":"#0"},"up":{"uv":[0,0,2,2],"rotation":270,"texture":"#0"},"down":{"uv":[0,0,2,2],"rotation":270,"texture":"#0"}}},{"from":[6,1,18],"to":[8,3,20],"rotation":{"angle":0,"axis":"z","origin":[8,2,8]},"faces":{"north":{"uv":[0,0,2,2],"rotation":90,"texture":"#0"},"east":{"uv":[0,0,2,2],"rotation":180,"texture":"#0"},"south":{"uv":[0,0,2,2],"rotation":270,"texture":"#0"},"west":{"uv":[0,0,2,2],"texture":"#0"},"up":{"uv":[0,0,2,2],"rotation":270,"texture":"#0"},"down":{"uv":[0,0,2,2],"rotation":270,"texture":"#0"}}},{"from":[18,1,-6],"to":[20,3,-4],"rotation":{"angle":0,"axis":"z","origin":[8,2,8]},"faces":{"north":{"uv":[0,0,2,2],"rotation":90,"texture":"#0"},"east":{"uv":[0,0,2,2],"rotation":180,"texture":"#0"},"south":{"uv":[0,0,2,2],"rotation":270,"texture":"#0"},"west":{"uv":[0,0,2,2],"texture":"#0"},"up":{"uv":[0,0,2,2],"rotation":270,"texture":"#0"},"down":{"uv":[0,0,2,2],"rotation":270,"texture":"#0"}}},{"from":[6,1,-6],"to":[8,3,-4],"rotation":{"angle":0,"axis":"z","origin":[8,2,8]},"faces":{"north":{"uv":[0,0,2,2],"rotation":90,"texture":"#0"},"east":{"uv":[0,0,2,2],"rotation":180,"texture":"#0"},"south":{"uv":[0,0,2,2],"rotation":270,"texture":"#0"},"west":{"uv":[0,0,2,2],"texture":"#0"},"up":{"uv":[0,0,2,2],"rotation":270,"texture":"#0"},"down":{"uv":[0,0,2,2],"rotation":270,"texture":"#0"}}},{"from":[18,1,14],"to":[20,3,16],"rotation":{"angle":0,"axis":"z","origin":[8,2,8]},"faces":{"north":{"uv":[0,0,2,2],"rotation":90,"texture":"#0"},"east":{"uv":[0,0,2,2],"rotation":180,"texture":"#0"},"south":{"uv":[0,0,2,2],"rotation":270,"texture":"#0"},"west":{"uv":[0,0,2,2],"texture":"#0"},"up":{"uv":[0,0,2,2],"rotation":270,"texture":"#0"},"down":{"uv":[0,0,2,2],"rotation":270,"texture":"#0"}}},{"from":[6,1,14],"to":[8,3,16],"rotation":{"angle":0,"axis":"z","origin":[8,2,8]},"faces":{"north":{"uv":[0,0,2,2],"rotation":90,"texture":"#0"},"east":{"uv":[0,0,2,2],"rotation":180,"texture":"#0"},"south":{"uv":[0,0,2,2],"rotation":270,"texture":"#0"},"west":{"uv":[0,0,2,2],"texture":"#0"},"up":{"uv":[0,0,2,2],"rotation":270,"texture":"#0"},"down":{"uv":[0,0,2,2],"rotation":270,"texture":"#0"}}},{"from":[18,1,-2],"to":[20,3,0],"rotation":{"angle":0,"axis":"z","origin":[8,2,8]},"faces":{"north":{"uv":[0,0,2,2],"rotation":90,"texture":"#0"},"east":{"uv":[0,0,2,2],"rotation":180,"texture":"#0"},"south":{"uv":[0,0,2,2],"rotation":270,"texture":"#0"},"west":{"uv":[0,0,2,2],"texture":"#0"},"up":{"uv":[0,0,2,2],"rotation":270,"texture":"#0"},"down":{"uv":[0,0,2,2],"rotation":270,"texture":"#0"}}},{"from":[6,1,-2],"to":[8,3,0],"rotation":{"angle":0,"axis":"z","origin":[8,2,8]},"faces":{"north":{"uv":[0,0,2,2],"rotation":90,"texture":"#0"},"east":{"uv":[0,0,2,2],"rotation":180,"texture":"#0"},"south":{"uv":[0,0,2,2],"rotation":270,"texture":"#0"},"west":{"uv":[0,0,2,2],"texture":"#0"},"up":{"uv":[0,0,2,2],"rotation":270,"texture":"#0"},"down":{"uv":[0,0,2,2],"rotation":270,"texture":"#0"}}},{"from":[16,1,4],"to":[18,3,6],"rotation":{"angle":0,"axis":"z","origin":[8,2,8]},"faces":{"north":{"uv":[0,0,2,2],"rotation":90,"texture":"#0"},"east":{"uv":[0,0,2,2],"rotation":180,"texture":"#0"},"south":{"uv":[0,0,2,2],"rotation":270,"texture":"#0"},"west":{"uv":[0,0,2,2],"texture":"#0"},"up":{"uv":[0,0,2,2],"rotation":270,"texture":"#0"},"down":{"uv":[0,0,2,2],"rotation":270,"texture":"#0"}}},{"from":[4,1,4],"to":[6,3,6],"rotation":{"angle":0,"axis":"z","origin":[8,2,8]},"faces":{"north":{"uv":[0,0,2,2],"rotation":90,"texture":"#0"},"east":{"uv":[0,0,2,2],"rotation":180,"texture":"#0"},"south":{"uv":[0,0,2,2],"rotation":270,"texture":"#0"},"west":{"uv":[0,0,2,2],"texture":"#0"},"up":{"uv":[0,0,2,2],"rotation":270,"texture":"#0"},"down":{"uv":[0,0,2,2],"rotation":270,"texture":"#0"}}},{"from":[16,1,8],"to":[18,3,10],"rotation":{"angle":0,"axis":"z","origin":[8,2,8]},"faces":{"north":{"uv":[0,0,2,2],"rotation":90,"texture":"#0"},"east":{"uv":[0,0,2,2],"rotation":180,"texture":"#0"},"south":{"uv":[0,0,2,2],"rotation":270,"texture":"#0"},"west":{"uv":[0,0,2,2],"texture":"#0"},"up":{"uv":[0,0,2,2],"rotation":270,"texture":"#0"},"down":{"uv":[0,0,2,2],"rotation":270,"texture":"#0"}}},{"from":[4,1,8],"to":[6,3,10],"rotation":{"angle":0,"axis":"z","origin":[8,2,8]},"faces":{"north":{"uv":[0,0,2,2],"rotation":90,"texture":"#0"},"east":{"uv":[0,0,2,2],"rotation":180,"texture":"#0"},"south":{"uv":[0,0,2,2],"rotation":270,"texture":"#0"},"west":{"uv":[0,0,2,2],"texture":"#0"},"up":{"uv":[0,0,2,2],"rotation":270,"texture":"#0"},"down":{"uv":[0,0,2,2],"rotation":270,"texture":"#0"}}},{"from":[16,1,16],"to":[18,3,18],"rotation":{"angle":0,"axis":"z","origin":[8,2,8]},"faces":{"north":{"uv":[0,0,2,2],"rotation":90,"texture":"#0"},"east":{"uv":[0,0,2,2],"rotation":180,"texture":"#0"},"south":{"uv":[0,0,2,2],"rotation":270,"texture":"#0"},"west":{"uv":[0,0,2,2],"texture":"#0"},"up":{"uv":[0,0,2,2],"rotation":270,"texture":"#0"},"down":{"uv":[0,0,2,2],"rotation":270,"texture":"#0"}}},{"from":[4,1,16],"to":[6,3,18],"rotation":{"angle":0,"axis":"z","origin":[8,2,8]},"faces":{"north":{"uv":[0,0,2,2],"rotation":90,"texture":"#0"},"east":{"uv":[0,0,2,2],"rotation":180,"texture":"#0"},"south":{"uv":[0,0,2,2],"rotation":270,"texture":"#0"},"west":{"uv":[0,0,2,2],"texture":"#0"},"up":{"uv":[0,0,2,2],"rotation":270,"texture":"#0"},"down":{"uv":[0,0,2,2],"rotation":270,"texture":"#0"}}},{"from":[16,1,20],"to":[18,3,22],"rotation":{"angle":0,"axis":"z","origin":[8,2,8]},"faces":{"north":{"uv":[0,0,2,2],"rotation":90,"texture":"#0"},"east":{"uv":[0,0,2,2],"rotation":180,"texture":"#0"},"south":{"uv":[0,0,2,2],"rotation":270,"texture":"#0"},"west":{"uv":[0,0,2,2],"texture":"#0"},"up":{"uv":[0,0,2,2],"rotation":270,"texture":"#0"},"down":{"uv":[0,0,2,2],"rotation":270,"texture":"#0"}}},{"from":[4,1,20],"to":[6,3,22],"rotation":{"angle":0,"axis":"z","origin":[8,2,8]},"faces":{"north":{"uv":[0,0,2,2],"rotation":90,"texture":"#0"},"east":{"uv":[0,0,2,2],"rotation":180,"texture":"#0"},"south":{"uv":[0,0,2,2],"rotation":270,"texture":"#0"},"west":{"uv":[0,0,2,2],"texture":"#0"},"up":{"uv":[0,0,2,2],"rotation":270,"texture":"#0"},"down":{"uv":[0,0,2,2],"rotation":270,"texture":"#0"}}},{"from":[16,1,12],"to":[18,3,14],"rotation":{"angle":0,"axis":"z","origin":[8,2,8]},"faces":{"north":{"uv":[0,0,2,2],"rotation":90,"texture":"#0"},"east":{"uv":[0,0,2,2],"rotation":180,"texture":"#0"},"south":{"uv":[0,0,2,2],"rotation":270,"texture":"#0"},"west":{"uv":[0,0,2,2],"texture":"#0"},"up":{"uv":[0,0,2,2],"rotation":270,"texture":"#0"},"down":{"uv":[0,0,2,2],"rotation":270,"texture":"#0"}}},{"from":[4,1,12],"to":[6,3,14],"rotation":{"angle":0,"axis":"z","origin":[8,2,8]},"faces":{"north":{"uv":[0,0,2,2],"rotation":90,"texture":"#0"},"east":{"uv":[0,0,2,2],"rotation":180,"texture":"#0"},"south":{"uv":[0,0,2,2],"rotation":270,"texture":"#0"},"west":{"uv":[0,0,2,2],"texture":"#0"},"up":{"uv":[0,0,2,2],"rotation":270,"texture":"#0"},"down":{"uv":[0,0,2,2],"rotation":270,"texture":"#0"}}},{"from":[16,1,-4],"to":[18,3,-2],"rotation":{"angle":0,"axis":"z","origin":[8,2,8]},"faces":{"north":{"uv":[0,0,2,2],"rotation":90,"texture":"#0"},"east":{"uv":[0,0,2,2],"rotation":180,"texture":"#0"},"south":{"uv":[0,0,2,2],"rotation":270,"texture":"#0"},"west":{"uv":[0,0,2,2],"texture":"#0"},"up":{"uv":[0,0,2,2],"rotation":270,"texture":"#0"},"down":{"uv":[0,0,2,2],"rotation":270,"texture":"#0"}}},{"from":[4,1,-4],"to":[6,3,-2],"rotation":{"angle":0,"axis":"z","origin":[8,2,8]},"faces":{"north":{"uv":[0,0,2,2],"rotation":90,"texture":"#0"},"east":{"uv":[0,0,2,2],"rotation":180,"texture":"#0"},"south":{"uv":[0,0,2,2],"rotation":270,"texture":"#0"},"west":{"uv":[0,0,2,2],"texture":"#0"},"up":{"uv":[0,0,2,2],"rotation":270,"texture":"#0"},"down":{"uv":[0,0,2,2],"rotation":270,"texture":"#0"}}},{"from":[14,1,6],"to":[16,3,8],"rotation":{"angle":0,"axis":"z","origin":[8,2,8]},"faces":{"north":{"uv":[0,0,2,2],"rotation":90,"texture":"#0"},"east":{"uv":[0,0,2,2],"rotation":180,"texture":"#0"},"south":{"uv":[0,0,2,2],"rotation":270,"texture":"#0"},"west":{"uv":[0,0,2,2],"texture":"#0"},"up":{"uv":[0,0,2,2],"rotation":270,"texture":"#0"},"down":{"uv":[0,0,2,2],"rotation":270,"texture":"#0"}}},{"from":[2,1,6],"to":[4,3,8],"rotation":{"angle":0,"axis":"z","origin":[8,2,8]},"faces":{"north":{"uv":[0,0,2,2],"rotation":90,"texture":"#0"},"east":{"uv":[0,0,2,2],"rotation":180,"texture":"#0"},"south":{"uv":[0,0,2,2],"rotation":270,"texture":"#0"},"west":{"uv":[0,0,2,2],"texture":"#0"},"up":{"uv":[0,0,2,2],"rotation":270,"texture":"#0"},"down":{"uv":[0,0,2,2],"rotation":270,"texture":"#0"}}},{"from":[14,1,10],"to":[16,3,12],"rotation":{"angle":0,"axis":"z","origin":[8,2,8]},"faces":{"north":{"uv":[0,0,2,2],"rotation":90,"texture":"#0"},"east":{"uv":[0,0,2,2],"rotation":180,"texture":"#0"},"south":{"uv":[0,0,2,2],"rotation":270,"texture":"#0"},"west":{"uv":[0,0,2,2],"texture":"#0"},"up":{"uv":[0,0,2,2],"rotation":270,"texture":"#0"},"down":{"uv":[0,0,2,2],"rotation":270,"texture":"#0"}}},{"from":[2,1,10],"to":[4,3,12],"rotation":{"angle":0,"axis":"z","origin":[8,2,8]},"faces":{"north":{"uv":[0,0,2,2],"rotation":90,"texture":"#0"},"east":{"uv":[0,0,2,2],"rotation":180,"texture":"#0"},"south":{"uv":[0,0,2,2],"rotation":270,"texture":"#0"},"west":{"uv":[0,0,2,2],"texture":"#0"},"up":{"uv":[0,0,2,2],"rotation":270,"texture":"#0"},"down":{"uv":[0,0,2,2],"rotation":270,"texture":"#0"}}},{"from":[14,1,18],"to":[16,3,20],"rotation":{"angle":0,"axis":"z","origin":[8,2,8]},"faces":{"north":{"uv":[0,0,2,2],"rotation":90,"texture":"#0"},"east":{"uv":[0,0,2,2],"rotation":180,"texture":"#0"},"south":{"uv":[0,0,2,2],"rotation":270,"texture":"#0"},"west":{"uv":[0,0,2,2],"texture":"#0"},"up":{"uv":[0,0,2,2],"rotation":270,"texture":"#0"},"down":{"uv":[0,0,2,2],"rotation":270,"texture":"#0"}}},{"from":[2,1,18],"to":[4,3,20],"rotation":{"angle":0,"axis":"z","origin":[8,2,8]},"faces":{"north":{"uv":[0,0,2,2],"rotation":90,"texture":"#0"},"east":{"uv":[0,0,2,2],"rotation":180,"texture":"#0"},"south":{"uv":[0,0,2,2],"rotation":270,"texture":"#0"},"west":{"uv":[0,0,2,2],"texture":"#0"},"up":{"uv":[0,0,2,2],"rotation":270,"texture":"#0"},"down":{"uv":[0,0,2,2],"rotation":270,"texture":"#0"}}},{"from":[14,1,-6],"to":[16,3,-4],"rotation":{"angle":0,"axis":"z","origin":[8,2,8]},"faces":{"north":{"uv":[0,0,2,2],"rotation":90,"texture":"#0"},"east":{"uv":[0,0,2,2],"rotation":180,"texture":"#0"},"south":{"uv":[0,0,2,2],"rotation":270,"texture":"#0"},"west":{"uv":[0,0,2,2],"texture":"#0"},"up":{"uv":[0,0,2,2],"rotation":270,"texture":"#0"},"down":{"uv":[0,0,2,2],"rotation":270,"texture":"#0"}}},{"from":[2,1,-6],"to":[4,3,-4],"rotation":{"angle":0,"axis":"z","origin":[8,2,8]},"faces":{"north":{"uv":[0,0,2,2],"rotation":90,"texture":"#0"},"east":{"uv":[0,0,2,2],"rotation":180,"texture":"#0"},"south":{"uv":[0,0,2,2],"rotation":270,"texture":"#0"},"west":{"uv":[0,0,2,2],"texture":"#0"},"up":{"uv":[0,0,2,2],"rotation":270,"texture":"#0"},"down":{"uv":[0,0,2,2],"rotation":270,"texture":"#0"}}},{"from":[14,1,14],"to":[16,3,16],"rotation":{"angle":0,"axis":"z","origin":[8,2,8]},"faces":{"north":{"uv":[0,0,2,2],"rotation":90,"texture":"#0"},"east":{"uv":[0,0,2,2],"rotation":180,"texture":"#0"},"south":{"uv":[0,0,2,2],"rotation":270,"texture":"#0"},"west":{"uv":[0,0,2,2],"texture":"#0"},"up":{"uv":[0,0,2,2],"rotation":270,"texture":"#0"},"down":{"uv":[0,0,2,2],"rotation":270,"texture":"#0"}}},{"from":[2,1,14],"to":[4,3,16],"rotation":{"angle":0,"axis":"z","origin":[8,2,8]},"faces":{"north":{"uv":[0,0,2,2],"rotation":90,"texture":"#0"},"east":{"uv":[0,0,2,2],"rotation":180,"texture":"#0"},"south":{"uv":[0,0,2,2],"rotation":270,"texture":"#0"},"west":{"uv":[0,0,2,2],"texture":"#0"},"up":{"uv":[0,0,2,2],"rotation":270,"texture":"#0"},"down":{"uv":[0,0,2,2],"rotation":270,"texture":"#0"}}},{"from":[14,1,-2],"to":[16,3,0],"rotation":{"angle":0,"axis":"z","origin":[8,2,8]},"faces":{"north":{"uv":[0,0,2,2],"rotation":90,"texture":"#0"},"east":{"uv":[0,0,2,2],"rotation":180,"texture":"#0"},"south":{"uv":[0,0,2,2],"rotation":270,"texture":"#0"},"west":{"uv":[0,0,2,2],"texture":"#0"},"up":{"uv":[0,0,2,2],"rotation":270,"texture":"#0"},"down":{"uv":[0,0,2,2],"rotation":270,"texture":"#0"}}},{"from":[2,1,-2],"to":[4,3,0],"rotation":{"angle":0,"axis":"z","origin":[8,2,8]},"faces":{"north":{"uv":[0,0,2,2],"rotation":90,"texture":"#0"},"east":{"uv":[0,0,2,2],"rotation":180,"texture":"#0"},"south":{"uv":[0,0,2,2],"rotation":270,"texture":"#0"},"west":{"uv":[0,0,2,2],"texture":"#0"},"up":{"uv":[0,0,2,2],"rotation":270,"texture":"#0"},"down":{"uv":[0,0,2,2],"rotation":270,"texture":"#0"}}},{"from":[12,1,8],"to":[14,3,10],"rotation":{"angle":0,"axis":"z","origin":[8,2,8]},"faces":{"north":{"uv":[0,0,2,2],"rotation":90,"texture":"#0"},"east":{"uv":[0,0,2,2],"rotation":180,"texture":"#0"},"south":{"uv":[0,0,2,2],"rotation":270,"texture":"#0"},"west":{"uv":[0,0,2,2],"texture":"#0"},"up":{"uv":[0,0,2,2],"rotation":270,"texture":"#0"},"down":{"uv":[0,0,2,2],"rotation":270,"texture":"#0"}}},{"from":[0,1,8],"to":[2,3,10],"rotation":{"angle":0,"axis":"z","origin":[8,2,8]},"faces":{"north":{"uv":[0,0,2,2],"rotation":90,"texture":"#0"},"east":{"uv":[0,0,2,2],"rotation":180,"texture":"#0"},"south":{"uv":[0,0,2,2],"rotation":270,"texture":"#0"},"west":{"uv":[0,0,2,2],"texture":"#0"},"up":{"uv":[0,0,2,2],"rotation":270,"texture":"#0"},"down":{"uv":[0,0,2,2],"rotation":270,"texture":"#0"}}},{"from":[-4,1,8],"to":[-2,3,10],"rotation":{"angle":0,"axis":"z","origin":[8,2,8]},"faces":{"north":{"uv":[0,0,2,2],"rotation":90,"texture":"#0"},"east":{"uv":[0,0,2,2],"rotation":180,"texture":"#0"},"south":{"uv":[0,0,2,2],"rotation":270,"texture":"#0"},"west":{"uv":[0,0,2,2],"texture":"#0"},"up":{"uv":[0,0,2,2],"rotation":270,"texture":"#0"},"down":{"uv":[0,0,2,2],"rotation":270,"texture":"#0"}}},{"from":[12,1,16],"to":[14,3,18],"rotation":{"angle":0,"axis":"z","origin":[8,2,8]},"faces":{"north":{"uv":[0,0,2,2],"rotation":90,"texture":"#0"},"east":{"uv":[0,0,2,2],"rotation":180,"texture":"#0"},"south":{"uv":[0,0,2,2],"rotation":270,"texture":"#0"},"west":{"uv":[0,0,2,2],"texture":"#0"},"up":{"uv":[0,0,2,2],"rotation":270,"texture":"#0"},"down":{"uv":[0,0,2,2],"rotation":270,"texture":"#0"}}},{"from":[0,1,16],"to":[2,3,18],"rotation":{"angle":0,"axis":"z","origin":[8,2,8]},"faces":{"north":{"uv":[0,0,2,2],"rotation":90,"texture":"#0"},"east":{"uv":[0,0,2,2],"rotation":180,"texture":"#0"},"south":{"uv":[0,0,2,2],"rotation":270,"texture":"#0"},"west":{"uv":[0,0,2,2],"texture":"#0"},"up":{"uv":[0,0,2,2],"rotation":270,"texture":"#0"},"down":{"uv":[0,0,2,2],"rotation":270,"texture":"#0"}}},{"from":[12,1,20],"to":[14,3,22],"rotation":{"angle":0,"axis":"z","origin":[8,2,8]},"faces":{"north":{"uv":[0,0,2,2],"rotation":90,"texture":"#0"},"east":{"uv":[0,0,2,2],"rotation":180,"texture":"#0"},"south":{"uv":[0,0,2,2],"rotation":270,"texture":"#0"},"west":{"uv":[0,0,2,2],"texture":"#0"},"up":{"uv":[0,0,2,2],"rotation":270,"texture":"#0"},"down":{"uv":[0,0,2,2],"rotation":270,"texture":"#0"}}},{"from":[0,1,20],"to":[2,3,22],"rotation":{"angle":0,"axis":"z","origin":[8,2,8]},"faces":{"north":{"uv":[0,0,2,2],"rotation":90,"texture":"#0"},"east":{"uv":[0,0,2,2],"rotation":180,"texture":"#0"},"south":{"uv":[0,0,2,2],"rotation":270,"texture":"#0"},"west":{"uv":[0,0,2,2],"texture":"#0"},"up":{"uv":[0,0,2,2],"rotation":270,"texture":"#0"},"down":{"uv":[0,0,2,2],"rotation":270,"texture":"#0"}}},{"from":[-4,1,16],"to":[-2,3,18],"rotation":{"angle":0,"axis":"z","origin":[8,2,8]},"faces":{"north":{"uv":[0,0,2,2],"rotation":90,"texture":"#0"},"east":{"uv":[0,0,2,2],"rotation":180,"texture":"#0"},"south":{"uv":[0,0,2,2],"rotation":270,"texture":"#0"},"west":{"uv":[0,0,2,2],"texture":"#0"},"up":{"uv":[0,0,2,2],"rotation":270,"texture":"#0"},"down":{"uv":[0,0,2,2],"rotation":270,"texture":"#0"}}},{"from":[-4,1,20],"to":[-2,3,22],"rotation":{"angle":0,"axis":"z","origin":[8,2,8]},"faces":{"north":{"uv":[0,0,2,2],"rotation":90,"texture":"#0"},"east":{"uv":[0,0,2,2],"rotation":180,"texture":"#0"},"south":{"uv":[0,0,2,2],"rotation":270,"texture":"#0"},"west":{"uv":[0,0,2,2],"texture":"#0"},"up":{"uv":[0,0,2,2],"rotation":270,"texture":"#0"},"down":{"uv":[0,0,2,2],"rotation":270,"texture":"#0"}}},{"from":[12,1,0],"to":[14,3,2],"rotation":{"angle":0,"axis":"z","origin":[8,2,8]},"faces":{"north":{"uv":[0,0,2,2],"rotation":90,"texture":"#0"},"east":{"uv":[0,0,2,2],"rotation":180,"texture":"#0"},"south":{"uv":[0,0,2,2],"rotation":270,"texture":"#0"},"west":{"uv":[0,0,2,2],"texture":"#0"},"up":{"uv":[0,0,2,2],"rotation":270,"texture":"#0"},"down":{"uv":[0,0,2,2],"rotation":270,"texture":"#0"}}},{"from":[0,1,0],"to":[2,3,2],"rotation":{"angle":0,"axis":"z","origin":[8,2,8]},"faces":{"north":{"uv":[0,0,2,2],"rotation":90,"texture":"#0"},"east":{"uv":[0,0,2,2],"rotation":180,"texture":"#0"},"south":{"uv":[0,0,2,2],"rotation":270,"texture":"#0"},"west":{"uv":[0,0,2,2],"texture":"#0"},"up":{"uv":[0,0,2,2],"rotation":270,"texture":"#0"},"down":{"uv":[0,0,2,2],"rotation":270,"texture":"#0"}}},{"from":[-4,1,0],"to":[-2,3,2],"rotation":{"angle":0,"axis":"z","origin":[8,2,8]},"faces":{"north":{"uv":[0,0,2,2],"rotation":90,"texture":"#0"},"east":{"uv":[0,0,2,2],"rotation":180,"texture":"#0"},"south":{"uv":[0,0,2,2],"rotation":270,"texture":"#0"},"west":{"uv":[0,0,2,2],"texture":"#0"},"up":{"uv":[0,0,2,2],"rotation":270,"texture":"#0"},"down":{"uv":[0,0,2,2],"rotation":270,"texture":"#0"}}},{"from":[16,1,0],"to":[18,3,2],"rotation":{"angle":0,"axis":"z","origin":[8,2,8]},"faces":{"north":{"uv":[0,0,2,2],"rotation":90,"texture":"#0"},"east":{"uv":[0,0,2,2],"rotation":180,"texture":"#0"},"south":{"uv":[0,0,2,2],"rotation":270,"texture":"#0"},"west":{"uv":[0,0,2,2],"texture":"#0"},"up":{"uv":[0,0,2,2],"rotation":270,"texture":"#0"},"down":{"uv":[0,0,2,2],"rotation":270,"texture":"#0"}}},{"from":[4,1,0],"to":[6,3,2],"rotation":{"angle":0,"axis":"z","origin":[8,2,8]},"faces":{"north":{"uv":[0,0,2,2],"rotation":90,"texture":"#0"},"east":{"uv":[0,0,2,2],"rotation":180,"texture":"#0"},"south":{"uv":[0,0,2,2],"rotation":270,"texture":"#0"},"west":{"uv":[0,0,2,2],"texture":"#0"},"up":{"uv":[0,0,2,2],"rotation":270,"texture":"#0"},"down":{"uv":[0,0,2,2],"rotation":270,"texture":"#0"}}},{"from":[12,1,12],"to":[14,3,14],"rotation":{"angle":0,"axis":"z","origin":[8,2,8]},"faces":{"north":{"uv":[0,0,2,2],"rotation":90,"texture":"#0"},"east":{"uv":[0,0,2,2],"rotation":180,"texture":"#0"},"south":{"uv":[0,0,2,2],"rotation":270,"texture":"#0"},"west":{"uv":[0,0,2,2],"texture":"#0"},"up":{"uv":[0,0,2,2],"rotation":270,"texture":"#0"},"down":{"uv":[0,0,2,2],"rotation":270,"texture":"#0"}}},{"from":[0,1,12],"to":[2,3,14],"rotation":{"angle":0,"axis":"z","origin":[8,2,8]},"faces":{"north":{"uv":[0,0,2,2],"rotation":90,"texture":"#0"},"east":{"uv":[0,0,2,2],"rotation":180,"texture":"#0"},"south":{"uv":[0,0,2,2],"rotation":270,"texture":"#0"},"west":{"uv":[0,0,2,2],"texture":"#0"},"up":{"uv":[0,0,2,2],"rotation":270,"texture":"#0"},"down":{"uv":[0,0,2,2],"rotation":270,"texture":"#0"}}},{"from":[-4,1,12],"to":[-2,3,14],"rotation":{"angle":0,"axis":"z","origin":[8,2,8]},"faces":{"north":{"uv":[0,0,2,2],"rotation":90,"texture":"#0"},"east":{"uv":[0,0,2,2],"rotation":180,"texture":"#0"},"south":{"uv":[0,0,2,2],"rotation":270,"texture":"#0"},"west":{"uv":[0,0,2,2],"texture":"#0"},"up":{"uv":[0,0,2,2],"rotation":270,"texture":"#0"},"down":{"uv":[0,0,2,2],"rotation":270,"texture":"#0"}}},{"from":[12,1,-4],"to":[14,3,-2],"rotation":{"angle":0,"axis":"z","origin":[8,2,8]},"faces":{"north":{"uv":[0,0,2,2],"rotation":90,"texture":"#0"},"east":{"uv":[0,0,2,2],"rotation":180,"texture":"#0"},"south":{"uv":[0,0,2,2],"rotation":270,"texture":"#0"},"west":{"uv":[0,0,2,2],"texture":"#0"},"up":{"uv":[0,0,2,2],"rotation":270,"texture":"#0"},"down":{"uv":[0,0,2,2],"rotation":270,"texture":"#0"}}},{"from":[0,1,-4],"to":[2,3,-2],"rotation":{"angle":0,"axis":"z","origin":[8,2,8]},"faces":{"north":{"uv":[0,0,2,2],"rotation":90,"texture":"#0"},"east":{"uv":[0,0,2,2],"rotation":180,"texture":"#0"},"south":{"uv":[0,0,2,2],"rotation":270,"texture":"#0"},"west":{"uv":[0,0,2,2],"texture":"#0"},"up":{"uv":[0,0,2,2],"rotation":270,"texture":"#0"},"down":{"uv":[0,0,2,2],"rotation":270,"texture":"#0"}}},{"from":[-4,1,-4],"to":[-2,3,-2],"rotation":{"angle":0,"axis":"z","origin":[8,2,8]},"faces":{"north":{"uv":[0,0,2,2],"rotation":90,"texture":"#0"},"east":{"uv":[0,0,2,2],"rotation":180,"texture":"#0"},"south":{"uv":[0,0,2,2],"rotation":270,"texture":"#0"},"west":{"uv":[0,0,2,2],"texture":"#0"},"up":{"uv":[0,0,2,2],"rotation":270,"texture":"#0"},"down":{"uv":[0,0,2,2],"rotation":270,"texture":"#0"}}},{"from":[12,1,4],"to":[14,3,6],"rotation":{"angle":0,"axis":"z","origin":[8,2,8]},"faces":{"north":{"uv":[0,0,2,2],"rotation":90,"texture":"#0"},"east":{"uv":[0,0,2,2],"rotation":180,"texture":"#0"},"south":{"uv":[0,0,2,2],"rotation":270,"texture":"#0"},"west":{"uv":[0,0,2,2],"texture":"#0"},"up":{"uv":[0,0,2,2],"rotation":270,"texture":"#0"},"down":{"uv":[0,0,2,2],"rotation":270,"texture":"#0"}}},{"from":[0,1,4],"to":[2,3,6],"rotation":{"angle":0,"axis":"z","origin":[8,2,8]},"faces":{"north":{"uv":[0,0,2,2],"rotation":90,"texture":"#0"},"east":{"uv":[0,0,2,2],"rotation":180,"texture":"#0"},"south":{"uv":[0,0,2,2],"rotation":270,"texture":"#0"},"west":{"uv":[0,0,2,2],"texture":"#0"},"up":{"uv":[0,0,2,2],"rotation":270,"texture":"#0"},"down":{"uv":[0,0,2,2],"rotation":270,"texture":"#0"}}},{"from":[-4,1,4],"to":[-2,3,6],"rotation":{"angle":0,"axis":"z","origin":[8,2,8]},"faces":{"north":{"uv":[0,0,2,2],"rotation":90,"texture":"#0"},"east":{"uv":[0,0,2,2],"rotation":180,"texture":"#0"},"south":{"uv":[0,0,2,2],"rotation":270,"texture":"#0"},"west":{"uv":[0,0,2,2],"texture":"#0"},"up":{"uv":[0,0,2,2],"rotation":270,"texture":"#0"},"down":{"uv":[0,0,2,2],"rotation":270,"texture":"#0"}}},{"from":[10,1,10],"to":[12,3,12],"rotation":{"angle":0,"axis":"z","origin":[8,2,8]},"faces":{"north":{"uv":[0,0,2,2],"rotation":90,"texture":"#0"},"east":{"uv":[0,0,2,2],"rotation":180,"texture":"#0"},"south":{"uv":[0,0,2,2],"rotation":270,"texture":"#0"},"west":{"uv":[0,0,2,2],"texture":"#0"},"up":{"uv":[0,0,2,2],"rotation":270,"texture":"#0"},"down":{"uv":[0,0,2,2],"rotation":270,"texture":"#0"}}},{"from":[-2,1,10],"to":[0,3,12],"rotation":{"angle":0,"axis":"z","origin":[8,2,8]},"faces":{"north":{"uv":[0,0,2,2],"rotation":90,"texture":"#0"},"east":{"uv":[0,0,2,2],"rotation":180,"texture":"#0"},"south":{"uv":[0,0,2,2],"rotation":270,"texture":"#0"},"west":{"uv":[0,0,2,2],"texture":"#0"},"up":{"uv":[0,0,2,2],"rotation":270,"texture":"#0"},"down":{"uv":[0,0,2,2],"rotation":270,"texture":"#0"}}},{"from":[-6,1,10],"to":[-4,3,12],"rotation":{"angle":0,"axis":"z","origin":[8,2,8]},"faces":{"north":{"uv":[0,0,2,2],"rotation":90,"texture":"#0"},"east":{"uv":[0,0,2,2],"rotation":180,"texture":"#0"},"south":{"uv":[0,0,2,2],"rotation":270,"texture":"#0"},"west":{"uv":[0,0,2,2],"texture":"#0"},"up":{"uv":[0,0,2,2],"rotation":270,"texture":"#0"},"down":{"uv":[0,0,2,2],"rotation":270,"texture":"#0"}}},{"from":[10,1,18],"to":[12,3,20],"rotation":{"angle":0,"axis":"z","origin":[8,2,8]},"faces":{"north":{"uv":[0,0,2,2],"rotation":90,"texture":"#0"},"east":{"uv":[0,0,2,2],"rotation":180,"texture":"#0"},"south":{"uv":[0,0,2,2],"rotation":270,"texture":"#0"},"west":{"uv":[0,0,2,2],"texture":"#0"},"up":{"uv":[0,0,2,2],"rotation":270,"texture":"#0"},"down":{"uv":[0,0,2,2],"rotation":270,"texture":"#0"}}},{"from":[-2,1,18],"to":[0,3,20],"rotation":{"angle":0,"axis":"z","origin":[8,2,8]},"faces":{"north":{"uv":[0,0,2,2],"rotation":90,"texture":"#0"},"east":{"uv":[0,0,2,2],"rotation":180,"texture":"#0"},"south":{"uv":[0,0,2,2],"rotation":270,"texture":"#0"},"west":{"uv":[0,0,2,2],"texture":"#0"},"up":{"uv":[0,0,2,2],"rotation":270,"texture":"#0"},"down":{"uv":[0,0,2,2],"rotation":270,"texture":"#0"}}},{"from":[10,1,-6],"to":[12,3,-4],"rotation":{"angle":0,"axis":"z","origin":[8,2,8]},"faces":{"north":{"uv":[0,0,2,2],"rotation":90,"texture":"#0"},"east":{"uv":[0,0,2,2],"rotation":180,"texture":"#0"},"south":{"uv":[0,0,2,2],"rotation":270,"texture":"#0"},"west":{"uv":[0,0,2,2],"texture":"#0"},"up":{"uv":[0,0,2,2],"rotation":270,"texture":"#0"},"down":{"uv":[0,0,2,2],"rotation":270,"texture":"#0"}}},{"from":[-2,1,-6],"to":[0,3,-4],"rotation":{"angle":0,"axis":"z","origin":[8,2,8]},"faces":{"north":{"uv":[0,0,2,2],"rotation":90,"texture":"#0"},"east":{"uv":[0,0,2,2],"rotation":180,"texture":"#0"},"south":{"uv":[0,0,2,2],"rotation":270,"texture":"#0"},"west":{"uv":[0,0,2,2],"texture":"#0"},"up":{"uv":[0,0,2,2],"rotation":270,"texture":"#0"},"down":{"uv":[0,0,2,2],"rotation":270,"texture":"#0"}}},{"from":[-6,1,18],"to":[-4,3,20],"rotation":{"angle":0,"axis":"z","origin":[8,2,8]},"faces":{"north":{"uv":[0,0,2,2],"rotation":90,"texture":"#0"},"east":{"uv":[0,0,2,2],"rotation":180,"texture":"#0"},"south":{"uv":[0,0,2,2],"rotation":270,"texture":"#0"},"west":{"uv":[0,0,2,2],"texture":"#0"},"up":{"uv":[0,0,2,2],"rotation":270,"texture":"#0"},"down":{"uv":[0,0,2,2],"rotation":270,"texture":"#0"}}},{"from":[-6,1,-6],"to":[-4,3,-4],"rotation":{"angle":0,"axis":"z","origin":[8,2,8]},"faces":{"north":{"uv":[0,0,2,2],"rotation":90,"texture":"#0"},"east":{"uv":[0,0,2,2],"rotation":180,"texture":"#0"},"south":{"uv":[0,0,2,2],"rotation":270,"texture":"#0"},"west":{"uv":[0,0,2,2],"texture":"#0"},"up":{"uv":[0,0,2,2],"rotation":270,"texture":"#0"},"down":{"uv":[0,0,2,2],"rotation":270,"texture":"#0"}}},{"from":[10,1,2],"to":[12,3,4],"rotation":{"angle":0,"axis":"z","origin":[8,2,8]},"faces":{"north":{"uv":[0,0,2,2],"rotation":90,"texture":"#0"},"east":{"uv":[0,0,2,2],"rotation":180,"texture":"#0"},"south":{"uv":[0,0,2,2],"rotation":270,"texture":"#0"},"west":{"uv":[0,0,2,2],"texture":"#0"},"up":{"uv":[0,0,2,2],"rotation":270,"texture":"#0"},"down":{"uv":[0,0,2,2],"rotation":270,"texture":"#0"}}},{"from":[-2,1,2],"to":[0,3,4],"rotation":{"angle":0,"axis":"z","origin":[8,2,8]},"faces":{"north":{"uv":[0,0,2,2],"rotation":90,"texture":"#0"},"east":{"uv":[0,0,2,2],"rotation":180,"texture":"#0"},"south":{"uv":[0,0,2,2],"rotation":270,"texture":"#0"},"west":{"uv":[0,0,2,2],"texture":"#0"},"up":{"uv":[0,0,2,2],"rotation":270,"texture":"#0"},"down":{"uv":[0,0,2,2],"rotation":270,"texture":"#0"}}},{"from":[-6,1,2],"to":[-4,3,4],"rotation":{"angle":0,"axis":"z","origin":[8,2,8]},"faces":{"north":{"uv":[0,0,2,2],"rotation":90,"texture":"#0"},"east":{"uv":[0,0,2,2],"rotation":180,"texture":"#0"},"south":{"uv":[0,0,2,2],"rotation":270,"texture":"#0"},"west":{"uv":[0,0,2,2],"texture":"#0"},"up":{"uv":[0,0,2,2],"rotation":270,"texture":"#0"},"down":{"uv":[0,0,2,2],"rotation":270,"texture":"#0"}}},{"from":[14,1,2],"to":[16,3,4],"rotation":{"angle":0,"axis":"z","origin":[8,2,8]},"faces":{"north":{"uv":[0,0,2,2],"rotation":90,"texture":"#0"},"east":{"uv":[0,0,2,2],"rotation":180,"texture":"#0"},"south":{"uv":[0,0,2,2],"rotation":270,"texture":"#0"},"west":{"uv":[0,0,2,2],"texture":"#0"},"up":{"uv":[0,0,2,2],"rotation":270,"texture":"#0"},"down":{"uv":[0,0,2,2],"rotation":270,"texture":"#0"}}},{"from":[2,1,2],"to":[4,3,4],"rotation":{"angle":0,"axis":"z","origin":[8,2,8]},"faces":{"north":{"uv":[0,0,2,2],"rotation":90,"texture":"#0"},"east":{"uv":[0,0,2,2],"rotation":180,"texture":"#0"},"south":{"uv":[0,0,2,2],"rotation":270,"texture":"#0"},"west":{"uv":[0,0,2,2],"texture":"#0"},"up":{"uv":[0,0,2,2],"rotation":270,"texture":"#0"},"down":{"uv":[0,0,2,2],"rotation":270,"texture":"#0"}}},{"from":[10,1,14],"to":[12,3,16],"rotation":{"angle":0,"axis":"z","origin":[8,2,8]},"faces":{"north":{"uv":[0,0,2,2],"rotation":90,"texture":"#0"},"east":{"uv":[0,0,2,2],"rotation":180,"texture":"#0"},"south":{"uv":[0,0,2,2],"rotation":270,"texture":"#0"},"west":{"uv":[0,0,2,2],"texture":"#0"},"up":{"uv":[0,0,2,2],"rotation":270,"texture":"#0"},"down":{"uv":[0,0,2,2],"rotation":270,"texture":"#0"}}},{"from":[-2,1,14],"to":[0,3,16],"rotation":{"angle":0,"axis":"z","origin":[8,2,8]},"faces":{"north":{"uv":[0,0,2,2],"rotation":90,"texture":"#0"},"east":{"uv":[0,0,2,2],"rotation":180,"texture":"#0"},"south":{"uv":[0,0,2,2],"rotation":270,"texture":"#0"},"west":{"uv":[0,0,2,2],"texture":"#0"},"up":{"uv":[0,0,2,2],"rotation":270,"texture":"#0"},"down":{"uv":[0,0,2,2],"rotation":270,"texture":"#0"}}},{"from":[-6,1,14],"to":[-4,3,16],"rotation":{"angle":0,"axis":"z","origin":[8,2,8]},"faces":{"north":{"uv":[0,0,2,2],"rotation":90,"texture":"#0"},"east":{"uv":[0,0,2,2],"rotation":180,"texture":"#0"},"south":{"uv":[0,0,2,2],"rotation":270,"texture":"#0"},"west":{"uv":[0,0,2,2],"texture":"#0"},"up":{"uv":[0,0,2,2],"rotation":270,"texture":"#0"},"down":{"uv":[0,0,2,2],"rotation":270,"texture":"#0"}}},{"from":[10,1,-2],"to":[12,3,0],"rotation":{"angle":0,"axis":"z","origin":[8,2,8]},"faces":{"north":{"uv":[0,0,2,2],"rotation":90,"texture":"#0"},"east":{"uv":[0,0,2,2],"rotation":180,"texture":"#0"},"south":{"uv":[0,0,2,2],"rotation":270,"texture":"#0"},"west":{"uv":[0,0,2,2],"texture":"#0"},"up":{"uv":[0,0,2,2],"rotation":270,"texture":"#0"},"down":{"uv":[0,0,2,2],"rotation":270,"texture":"#0"}}},{"from":[-2,1,-2],"to":[0,3,0],"rotation":{"angle":0,"axis":"z","origin":[8,2,8]},"faces":{"north":{"uv":[0,0,2,2],"rotation":90,"texture":"#0"},"east":{"uv":[0,0,2,2],"rotation":180,"texture":"#0"},"south":{"uv":[0,0,2,2],"rotation":270,"texture":"#0"},"west":{"uv":[0,0,2,2],"texture":"#0"},"up":{"uv":[0,0,2,2],"rotation":270,"texture":"#0"},"down":{"uv":[0,0,2,2],"rotation":270,"texture":"#0"}}},{"from":[-6,1,-2],"to":[-4,3,0],"rotation":{"angle":0,"axis":"z","origin":[8,2,8]},"faces":{"north":{"uv":[0,0,2,2],"rotation":90,"texture":"#0"},"east":{"uv":[0,0,2,2],"rotation":180,"texture":"#0"},"south":{"uv":[0,0,2,2],"rotation":270,"texture":"#0"},"west":{"uv":[0,0,2,2],"texture":"#0"},"up":{"uv":[0,0,2,2],"rotation":270,"texture":"#0"},"down":{"uv":[0,0,2,2],"rotation":270,"texture":"#0"}}},{"from":[10,1,6],"to":[12,3,8],"rotation":{"angle":0,"axis":"z","origin":[8,2,8]},"faces":{"north":{"uv":[0,0,2,2],"rotation":90,"texture":"#0"},"east":{"uv":[0,0,2,2],"rotation":180,"texture":"#0"},"south":{"uv":[0,0,2,2],"rotation":270,"texture":"#0"},"west":{"uv":[0,0,2,2],"texture":"#0"},"up":{"uv":[0,0,2,2],"rotation":270,"texture":"#0"},"down":{"uv":[0,0,2,2],"rotation":270,"texture":"#0"}}},{"from":[-2,1,6],"to":[0,3,8],"rotation":{"angle":0,"axis":"z","origin":[8,2,8]},"faces":{"north":{"uv":[0,0,2,2],"rotation":90,"texture":"#0"},"east":{"uv":[0,0,2,2],"rotation":180,"texture":"#0"},"south":{"uv":[0,0,2,2],"rotation":270,"texture":"#0"},"west":{"uv":[0,0,2,2],"texture":"#0"},"up":{"uv":[0,0,2,2],"rotation":270,"texture":"#0"},"down":{"uv":[0,0,2,2],"rotation":270,"texture":"#0"}}},{"from":[-6,1,6],"to":[-4,3,8],"rotation":{"angle":0,"axis":"z","origin":[8,2,8]},"faces":{"north":{"uv":[0,0,2,2],"rotation":90,"texture":"#0"},"east":{"uv":[0,0,2,2],"rotation":180,"texture":"#0"},"south":{"uv":[0,0,2,2],"rotation":270,"texture":"#0"},"west":{"uv":[0,0,2,2],"texture":"#0"},"up":{"uv":[0,0,2,2],"rotation":270,"texture":"#0"},"down":{"uv":[0,0,2,2],"rotation":270,"texture":"#0"}}}],"gui_light":"front","display":{"thirdperson_righthand":{"scale":[0.3,0.3,0.3]},"thirdperson_lefthand":{"scale":[0.3,0.3,0.3]},"ground":{"translation":[0,2.75,0]},"gui":{"rotation":[90,0,0],"translation":[0,-0.5,0],"scale":[0.5,1,0.5]},"fixed":{"rotation":[91,0,0],"translation":[0,0,6.5],"scale":[0.7,1,0.7]}}}