{
    "providers": [
        {
            "type": "bitmap",
            "file": "hockey:icon/whistle.png",
            "ascent": 8,
            "height": 9,
            "chars": ["\uE000"]
        },
        {
            "type": "bitmap",
            "file": "hockey:icon/home.png",
            "ascent": 8,
            "height": 8,
            "chars": ["\uE001"]
        },
        {
            "type": "bitmap",
            "file": "hockey:icon/flashee.png",
            "ascent": 10,
            "height": 14,
            "chars": ["\uE002"]
        },
        {
            "type": "bitmap",
            "file": "hockey:icon/tias.png",
            "ascent": 10,
            "height": 14,
            "chars": ["\uE003"]
        },
        {
            "type": "bitmap",
            "file": "hockey:icon/dnp.png",
            "ascent": 10,
            "height": 14,
            "chars": ["\uE004"]
        }
    ]
}