{"block.note_block.banjo_-1":{"sounds":["block/note_block/banjo_-1"],"subtitle":"subtitles.block.note_block.note"},"block.note_block.banjo_1":{"sounds":["block/note_block/banjo_1"],"subtitle":"subtitles.block.note_block.note"},"block.note_block.basedrum_-1":{"sounds":["block/note_block/bd_-1"],"subtitle":"subtitles.block.note_block.note"},"block.note_block.basedrum_1":{"sounds":["block/note_block/bd_1"],"subtitle":"subtitles.block.note_block.note"},"block.note_block.bass_-1":{"sounds":["block/note_block/bass_-1"],"subtitle":"subtitles.block.note_block.note"},"block.note_block.bass_1":{"sounds":["block/note_block/bass_1"],"subtitle":"subtitles.block.note_block.note"},"block.note_block.bell_-1":{"sounds":["block/note_block/bell_-1"],"subtitle":"subtitles.block.note_block.note"},"block.note_block.bell_1":{"sounds":["block/note_block/bell_1"],"subtitle":"subtitles.block.note_block.note"},"block.note_block.bit_-1":{"sounds":["block/note_block/bit_-1"],"subtitle":"subtitles.block.note_block.note"},"block.note_block.bit_1":{"sounds":["block/note_block/bit_1"],"subtitle":"subtitles.block.note_block.note"},"block.note_block.click_-1":{"sounds":["block/note_block/click_-1"],"subtitle":"subtitles.block.note_block.note"},"block.note_block.click_1":{"sounds":["block/note_block/click_1"],"subtitle":"subtitles.block.note_block.note"},"block.note_block.cow_bell_1":{"sounds":["block/note_block/cow_bell_1"],"subtitle":"subtitles.block.note_block.note"},"block.note_block.cow_bell_-1":{"sounds":["block/note_block/cow_bell_-1"],"subtitle":"subtitles.block.note_block.note"},"block.note_block.dbass_-1":{"sounds":["block/note_block/dbass_-1"],"subtitle":"subtitles.block.note_block.note"},"block.note_block.dbass_1":{"sounds":["block/note_block/dbass_1"],"subtitle":"subtitles.block.note_block.note"},"block.note_block.didgeridoo_-1":{"sounds":["block/note_block/didgeridoo_-1"],"subtitle":"subtitles.block.note_block.note"},"block.note_block.didgeridoo_1":{"sounds":["block/note_block/didgeridoo_1"],"subtitle":"subtitles.block.note_block.note"},"block.note_block.flute_-1":{"sounds":["block/note_block/flute_-1"],"subtitle":"subtitles.block.note_block.note"},"block.note_block.flute_1":{"sounds":["block/note_block/flute_1"],"subtitle":"subtitles.block.note_block.note"},"block.note_block.guitar_-1":{"sounds":["block/note_block/guitar_-1"],"subtitle":"subtitles.block.note_block.note"},"block.note_block.guitar_1":{"sounds":["block/note_block/guitar_1"],"subtitle":"subtitles.block.note_block.note"},"block.note_block.harp_-1":{"sounds":["block/note_block/harp_-1"],"subtitle":"subtitles.block.note_block.note"},"block.note_block.harp_1":{"sounds":["block/note_block/harp_1"],"subtitle":"subtitles.block.note_block.note"},"block.note_block.chime_-1":{"sounds":["block/note_block/icechime_-1"],"subtitle":"subtitles.block.note_block.note"},"block.note_block.chime_1":{"sounds":["block/note_block/icechime_1"],"subtitle":"subtitles.block.note_block.note"},"block.note_block.iron_xylophone_-1":{"sounds":["block/note_block/iron_xylophone_-1"],"subtitle":"subtitles.block.note_block.note"},"block.note_block.iron_xylophone_1":{"sounds":["block/note_block/iron_xylophone_1"],"subtitle":"subtitles.block.note_block.note"},"block.note_block.pling_-1":{"sounds":["block/note_block/pling_-1"],"subtitle":"subtitles.block.note_block.note"},"block.note_block.pling_1":{"sounds":["block/note_block/pling_1"],"subtitle":"subtitles.block.note_block.note"},"block.note_block.sdrum_-1":{"sounds":["block/note_block/sdrum_-1"],"subtitle":"subtitles.block.note_block.note"},"block.note_block.sdrum_1":{"sounds":["block/note_block/sdrum_1"],"subtitle":"subtitles.block.note_block.note"},"block.note_block.snare_-1":{"sounds":["block/note_block/snare_-1"],"subtitle":"subtitles.block.note_block.note"},"block.note_block.snare_1":{"sounds":["block/note_block/snare_1"],"subtitle":"subtitles.block.note_block.note"},"block.note_block.xylophone_-1":{"sounds":["block/note_block/xylobone_-1"],"subtitle":"subtitles.block.note_block.note"},"block.note_block.xylophone_1":{"sounds":["block/note_block/xylobone_1"],"subtitle":"subtitles.block.note_block.note"},"block.wool.step":{"replace":true,"sounds":["hockey:misc/nothing"]},"entity.player.attack.crit":{"replace":true,"sounds":["hockey:misc/nothing"]},"entity.player.attack.knockback":{"replace":true,"sounds":["hockey:misc/nothing"]},"entity.player.attack.strong":{"replace":true,"sounds":["hockey:misc/nothing"]},"entity.player.attack.weak":{"replace":true,"sounds":["hockey:misc/nothing"]},"item.armor.equip_generic":{"replace":true,"sounds":["hockey:misc/nothing"]}}